car_id,di
0,10
1,10
10,10
10000,10
10001,10
10002,10
10003,10
10004,10
10005,10
10007,10
10009,10
1001,10
10012,10
10013,10
10017,10
10018,10
10019,10
10020,10
10021,10
10022,10
10024,10
10027,10
10029,10
10030,10
10031,10
10032,10
10033,10
10037,10
10038,10
10039,10
10041,10
10042,10
10043,10
10045,10
10046,10
10049,10
10053,10
10059,10
1006,10
10062,10
10064,10
10065,10
10066,10
10068,10
1007,10
10072,10
10075,10
10077,10
10079,10
10083,10
10084,10
10085,10
10086,10
10087,10
10089,10
1009,10
10090,10
10091,10
10095,10
10097,10
10099,10
1010,10
10100,10
10101,10
10102,10
10103,10
10107,10
10109,10
1011,10
10110,10
10115,10
10116,10
10119,10
10121,10
10122,10
10126,10
10127,10
10128,10
1013,10
10130,10
10133,10
10137,10
10138,10
10139,10
1014,10
10143,10
10144,10
10145,10
10148,10
10149,10
1015,10
10150,10
10152,10
10153,10
10154,10
10155,10
10157,10
10158,10
10159,10
10161,10
10162,10
10163,10
10164,10
10165,10
10166,10
10167,10
10168,10
10169,10
10171,10
10172,10
10174,10
10176,10
10177,10
10179,10
10180,10
10181,10
10182,10
10183,10
10185,10
10188,10
10189,10
1019,10
10190,10
10191,10
10192,10
10194,10
10195,10
10197,10
10198,10
10199,10
102,10
10200,10
10201,10
10202,10
10203,10
10204,10
10206,10
10207,10
10209,10
1021,10
10211,10
10212,10
10214,10
10215,10
10216,10
10218,10
10219,10
1022,10
10220,10
10221,10
10223,10
10224,10
10225,10
10227,10
10228,10
10229,10
10230,10
10232,10
10234,10
10235,10
10236,10
1024,10
10243,10
10245,10
10248,10
10253,10
10255,10
10257,10
10258,10
10259,10
1026,10
10262,10
10265,10
10267,10
10271,10
10273,10
10274,10
10275,10
10276,10
10277,10
10282,10
10285,10
10286,10
10287,10
10288,10
10289,10
1029,10
10290,10
10292,10
10294,10
10296,10
10297,10
10298,10
10299,10
103,10
10300,10
10301,10
10303,10
10304,10
10309,10
1031,10
10312,10
10313,10
10315,10
10317,10
10319,10
1032,10
10320,10
10321,10
10323,10
10324,10
10326,10
10328,10
1033,10
10331,10
10332,10
10333,10
10335,10
10336,10
1034,10
10340,10
10343,10
10344,10
10346,10
10349,10
10353,10
10358,10
10360,10
10361,10
10364,10
10365,10
10366,10
10367,10
10368,10
10369,10
1037,10
10371,10
10372,10
10373,10
10376,10
1038,10
10380,10
10382,10
10383,10
10385,10
10386,10
10387,10
10388,10
10389,10
10390,10
10391,10
10392,10
10393,10
10397,10
10399,10
10400,10
10403,10
10405,10
10407,10
10408,10
1041,10
10413,10
10415,10
10418,10
1042,10
10422,10
10423,10
10426,10
10428,10
10429,10
10430,10
10431,10
10432,10
10434,10
10435,10
10436,10
10437,10
10438,10
10440,10
10441,10
10442,10
10443,10
10444,10
10445,10
10446,10
10448,10
10449,10
1045,10
10450,10
10451,10
10453,10
10454,10
10455,10
10456,10
10457,10
10458,10
10459,10
10461,10
10462,10
10463,10
10464,10
10465,10
10466,10
10467,10
10468,10
10469,10
10471,10
10477,10
10478,10
1048,10
10482,10
10483,10
10484,10
10489,10
1049,10
10490,10
10491,10
10492,10
10495,10
10496,10
10497,10
10499,10
105,10
1050,10
10503,10
10504,10
10505,10
10507,10
10508,10
10509,10
10510,10
10511,10
10513,10
10514,10
10516,10
10517,10
10518,10
10520,10
10521,10
10522,10
10524,10
10525,10
10528,10
10529,10
1053,10
10531,10
10534,10
10535,10
10538,10
10539,10
1054,10
10540,10
10541,10
10543,10
10545,10
10546,10
10547,10
10548,10
10549,10
10550,10
10552,10
10553,10
10556,10
10558,10
10559,10
10560,10
10562,10
10563,10
10564,10
10568,10
1057,10
10570,10
10573,10
10576,10
10577,10
10578,10
10579,10
1058,10
10580,10
10581,10
10582,10
10585,10
10586,10
10587,10
10588,10
10589,10
1059,10
10590,10
10591,10
10592,10
10594,10
10595,10
10598,10
1060,10
10603,10
10604,10
10606,10
10607,10
10612,10
10613,10
10614,10
10615,10
10617,10
10619,10
1062,10
10621,10
10623,10
10624,10
10627,10
10629,10
10631,10
10632,10
10633,10
10636,10
10638,10
10639,10
10641,10
10644,10
10645,10
10646,10
1065,10
10651,10
10652,10
10653,10
10655,10
10657,10
10660,10
10662,10
10663,10
10666,10
10668,10
10669,10
1067,10
10670,10
10671,10
10673,10
10674,10
10675,10
10676,10
10679,10
10680,10
10681,10
10682,10
10684,10
10685,10
10687,10
10689,10
1069,10
10690,10
10691,10
10693,10
10694,10
10695,10
10696,10
10697,10
10698,10
10699,10
107,10
1070,10
10700,10
10701,10
10702,10
10703,10
10704,10
10708,10
10710,10
10711,10
10712,10
10713,10
10715,10
10716,10
10717,10
10718,10
10719,10
10720,10
10721,10
10722,10
10724,10
10725,10
10726,10
10727,10
10729,10
1073,10
10731,10
10732,10
10733,10
10735,10
10738,10
10739,10
1074,10
10740,10
10741,10
10743,10
10746,10
10748,10
10749,10
10750,10
10751,10
10752,10
10753,10
10754,10
10755,10
10758,10
10759,10
10760,10
10761,10
10762,10
10763,10
10768,10
10769,10
10772,10
10773,10
10775,10
10778,10
10779,10
1078,10
10782,10
10783,10
10787,10
10788,10
10789,10
1079,10
10790,10
10794,10
10797,10
10798,10
1080,10
10802,10
10803,10
10804,10
10805,10
10806,10
10808,10
1081,10
10811,10
10812,10
10815,10
10816,10
10818,10
10819,10
10820,10
10822,10
10824,10
10826,10
10830,10
10835,10
10838,10
10839,10
10841,10
10847,10
10848,10
10852,10
10853,10
10854,10
10855,10
10858,10
10859,10
1086,10
10861,10
10862,10
10863,10
10864,10
10865,10
10867,10
10869,10
10870,10
10873,10
10875,10
10877,10
10878,10
10881,10
10883,10
10884,10
10888,10
10893,10
10894,10
10896,10
10898,10
10899,10
109,10
1090,10
10900,10
10901,10
10905,10
10907,10
10908,10
10909,10
10910,10
10911,10
10912,10
10917,10
10918,10
1092,10
10920,10
10921,10
10922,10
10923,10
10924,10
10926,10
10927,10
10928,10
10929,10
1093,10
10930,10
10931,10
10933,10
10935,10
10936,10
10938,10
10939,10
10940,10
10942,10
10943,10
10944,10
10946,10
10947,10
10948,10
10949,10
1095,10
10950,10
10951,10
10955,10
10956,10
10957,10
10958,10
10963,10
10968,10
10969,10
10971,10
10973,10
10976,10
10979,10
10980,10
10981,10
10982,10
10986,10
10989,10
1099,10
10990,10
10991,10
10993,10
10995,10
10998,10
1100,10
11000,10
11001,10
11002,10
11005,10
11006,10
11008,10
1101,10
11011,10
11014,10
11015,10
11016,10
11017,10
11018,10
11020,10
11024,10
11026,10
11029,10
1103,10
11030,10
11032,10
11034,10
11035,10
11036,10
11038,10
11040,10
11041,10
11044,10
11045,10
11048,10
11049,10
11050,10
11052,10
11053,10
11056,10
11059,10
11060,10
11062,10
11063,10
11065,10
11066,10
11067,10
11068,10
11069,10
11070,10
11072,10
11075,10
11076,10
11077,10
11079,10
1108,10
11080,10
11081,10
11086,10
11087,10
11088,10
11089,10
11090,10
11092,10
11094,10
11095,10
11096,10
11098,10
11099,10
111,10
11100,10
11101,10
11104,10
11107,10
1111,10
11115,10
11117,10
11119,10
11121,10
11122,10
11123,10
11124,10
11126,10
11131,10
11132,10
11133,10
11134,10
11138,10
11139,10
1114,10
11141,10
11142,10
11144,10
11145,10
11147,10
11148,10
1115,10
11151,10
11152,10
11153,10
11154,10
11156,10
11159,10
11162,10
11163,10
11164,10
11166,10
11168,10
11169,10
11171,10
11172,10
11173,10
11174,10
11175,10
11178,10
11179,10
1118,10
11180,10
11181,10
11183,10
11184,10
11187,10
11188,10
11189,10
1119,10
11191,10
11192,10
11196,10
11197,10
112,10
1120,10
11201,10
11203,10
11207,10
11208,10
11209,10
11210,10
11217,10
11218,10
11219,10
1122,10
11224,10
11226,10
11227,10
11228,10
11229,10
11230,10
11231,10
11233,10
11234,10
11236,10
11238,10
11239,10
1124,10
11241,10
11242,10
11243,10
11245,10
11246,10
11247,10
11248,10
11249,10
11252,10
11254,10
11258,10
11260,10
11261,10
11262,10
11263,10
11269,10
1127,10
11271,10
11272,10
11273,10
11275,10
11277,10
11279,10
11280,10
11281,10
11283,10
11286,10
11287,10
11288,10
1129,10
11290,10
11291,10
11293,10
11294,10
11295,10
11297,10
11298,10
113,10
11300,10
11304,10
11305,10
11307,10
11308,10
11309,10
1131,10
11311,10
11312,10
11315,10
11316,10
11317,10
11318,10
11319,10
11322,10
11323,10
11324,10
11325,10
11326,10
11327,10
11328,10
11329,10
1133,10
11330,10
11331,10
11332,10
11333,10
11334,10
11336,10
11337,10
11340,10
11341,10
11343,10
11344,10
11345,10
11346,10
11348,10
1135,10
11351,10
11352,10
11354,10
11356,10
11357,10
11358,10
11360,10
11361,10
11363,10
11368,10
11371,10
11372,10
11373,10
11374,10
11375,10
11376,10
11378,10
11379,10
11380,10
11384,10
11385,10
11387,10
1139,10
11390,10
11392,10
11393,10
11394,10
11396,10
11397,10
114,10
1140,10
11400,10
11402,10
11403,10
11405,10
11407,10
11408,10
1141,10
11410,10
11412,10
11414,10
11416,10
11417,10
11418,10
11419,10
11420,10
11422,10
11423,10
11424,10
11426,10
11427,10
11429,10
1143,10
11430,10
11431,10
11433,10
11435,10
11438,10
11439,10
11441,10
11444,10
11445,10
11446,10
11447,10
11450,10
11451,10
11455,10
11456,10
11457,10
11460,10
11462,10
11464,10
11465,10
11466,10
11467,10
11468,10
11469,10
11473,10
11474,10
11475,10
11476,10
11477,10
1148,10
11480,10
11482,10
11483,10
11488,10
11490,10
11492,10
11494,10
11495,10
11497,10
11498,10
115,10
11500,10
11501,10
11503,10
11504,10
11508,10
11509,10
11510,10
11511,10
11513,10
11516,10
1152,10
11522,10
11523,10
11525,10
11527,10
11531,10
11536,10
11538,10
11539,10
1154,10
11540,10
11541,10
11542,10
11545,10
11546,10
11547,10
1155,10
11551,10
11552,10
11553,10
11554,10
11556,10
11558,10
1156,10
11560,10
11561,10
11562,10
11564,10
11566,10
11567,10
11568,10
11574,10
11575,10
11576,10
11579,10
1158,10
11581,10
11583,10
11584,10
11587,10
11589,10
1159,10
11591,10
11592,10
11593,10
11594,10
11595,10
11596,10
11597,10
11598,10
1160,10
11602,10
11605,10
11610,10
11614,10
11615,10
11616,10
11617,10
11618,10
1162,10
11621,10
11622,10
11623,10
11624,10
11626,10
11628,10
11629,10
1163,10
11630,10
11631,10
11632,10
11633,10
11634,10
11639,10
1164,10
11641,10
11642,10
11644,10
11646,10
11647,10
11648,10
11650,10
11653,10
11654,10
11657,10
11658,10
11660,10
11662,10
11663,10
11664,10
11666,10
11669,10
11670,10
11672,10
11674,10
11678,10
11679,10
1168,10
11681,10
11682,10
11683,10
11684,10
11687,10
11688,10
11689,10
1169,10
11690,10
11691,10
11692,10
11694,10
11697,10
117,10
1170,10
11700,10
11701,10
11703,10
11705,10
11706,10
11708,10
11709,10
11711,10
11712,10
11714,10
11718,10
11720,10
11721,10
11722,10
11723,10
11724,10
11725,10
11726,10
11727,10
11728,10
11729,10
1173,10
11733,10
11734,10
11736,10
11737,10
11738,10
11739,10
11740,10
11742,10
11744,10
11745,10
11746,10
11747,10
11748,10
11750,10
11751,10
11752,10
11753,10
11754,10
11755,10
11756,10
11757,10
1176,10
11760,10
11761,10
11762,10
11763,10
11764,10
11765,10
11766,10
11767,10
11768,10
11769,10
1177,10
11770,10
11774,10
11775,10
11776,10
11777,10
1178,10
11780,10
11781,10
11782,10
11785,10
11787,10
11788,10
11790,10
11791,10
11795,10
11796,10
11797,10
1180,10
11800,10
11801,10
11805,10
11808,10
1181,10
11810,10
11816,10
11817,10
11819,10
1182,10
11826,10
11830,10
11832,10
11837,10
11838,10
11841,10
11843,10
11844,10
11848,10
11849,10
1185,10
11851,10
11852,10
11854,10
11857,10
11861,10
11862,10
11863,10
11864,10
11865,10
11866,10
11869,10
11871,10
11872,10
11873,10
11875,10
11876,10
11877,10
11878,10
11884,10
11887,10
1189,10
11890,10
11892,10
11893,10
11896,10
11897,10
11898,10
119,10
11900,10
11901,10
11902,10
11903,10
11904,10
11905,10
11906,10
11907,10
11908,10
11910,10
11911,10
11912,10
11917,10
11919,10
1192,10
11920,10
11921,10
11922,10
11924,10
11929,10
11930,10
11932,10
11936,10
11937,10
11939,10
1194,10
11940,10
11941,10
11942,10
11943,10
11945,10
11946,10
11948,10
1195,10
11955,10
11959,10
1196,10
11960,10
11961,10
11964,10
11965,10
11967,10
11970,10
11971,10
11975,10
11978,10
1198,10
11980,10
11982,10
11984,10
11985,10
11986,10
11987,10
11988,10
11989,10
1199,10
11990,10
11991,10
11994,10
11996,10
11997,10
11998,10
11999,10
120,10
1200,10
12000,10
12001,10
12003,10
12005,10
12006,10
12007,10
12008,10
1201,10
12010,10
12012,10
12014,10
12015,10
12016,10
12017,10
12019,10
1202,10
12020,10
12021,10
12022,10
12023,10
12024,10
12025,10
12026,10
12028,10
1203,10
12030,10
12032,10
12033,10
12036,10
12039,10
1204,10
12042,10
12043,10
12044,10
12046,10
12047,10
12049,10
1205,10
12051,10
12057,10
1206,10
12060,10
12061,10
12062,10
12063,10
12065,10
12066,10
12067,10
12068,10
12069,10
1207,10
12071,10
12072,10
12073,10
12074,10
12076,10
12077,10
12079,10
12083,10
12086,10
12087,10
12088,10
12089,10
12090,10
12091,10
12092,10
12093,10
12094,10
12095,10
12096,10
12097,10
12098,10
12100,10
12101,10
12102,10
12103,10
12104,10
12106,10
12107,10
12110,10
12111,10
12112,10
12113,10
12114,10
12115,10
12117,10
12118,10
12119,10
1212,10
12122,10
12124,10
12125,10
12126,10
12127,10
12129,10
12131,10
12132,10
12133,10
12135,10
12136,10
12140,10
12143,10
12144,10
12145,10
12146,10
12147,10
12148,10
1215,10
12150,10
12151,10
12153,10
12155,10
12156,10
12157,10
12159,10
12161,10
12165,10
12166,10
12167,10
12169,10
12170,10
12171,10
12172,10
12176,10
12179,10
12180,10
12181,10
12184,10
12185,10
12187,10
12188,10
12189,10
1219,10
12191,10
12192,10
12197,10
12199,10
122,10
12200,10
12201,10
12203,10
12205,10
12208,10
12209,10
1221,10
12213,10
12214,10
12216,10
12217,10
12218,10
12219,10
12221,10
12222,10
12223,10
12225,10
12226,10
1223,10
12230,10
12231,10
12232,10
12234,10
12235,10
12236,10
12238,10
1224,10
12240,10
12242,10
12243,10
12247,10
12248,10
1225,10
12251,10
12254,10
12255,10
12256,10
12257,10
1226,10
12262,10
12263,10
12264,10
12266,10
12267,10
12268,10
12269,10
1227,10
12270,10
12271,10
12273,10
12274,10
12275,10
12276,10
12277,10
12278,10
1228,10
12280,10
12284,10
12287,10
12289,10
12292,10
12294,10
12296,10
12297,10
12299,10
123,10
12300,10
12301,10
12303,10
12304,10
12306,10
12307,10
12309,10
1231,10
12310,10
12311,10
12314,10
12315,10
12316,10
12318,10
12319,10
1232,10
12321,10
12322,10
12324,10
12325,10
12328,10
12329,10
1233,10
12330,10
12331,10
12334,10
12336,10
12337,10
12339,10
12340,10
12343,10
12344,10
12346,10
12347,10
12349,10
12350,10
12352,10
12354,10
12355,10
12356,10
12359,10
1236,10
12361,10
12362,10
12365,10
12367,10
12368,10
1237,10
12371,10
12372,10
12373,10
12374,10
12376,10
12378,10
12379,10
1238,10
12382,10
12383,10
12385,10
12386,10
12387,10
12389,10
1239,10
12391,10
12393,10
12394,10
12395,10
12398,10
124,10
12402,10
12406,10
12408,10
12409,10
1241,10
12410,10
12411,10
12412,10
12413,10
12416,10
12417,10
12418,10
12419,10
1242,10
12420,10
12421,10
12426,10
12428,10
12429,10
1243,10
12430,10
12432,10
12434,10
12435,10
12437,10
12438,10
12440,10
12443,10
12446,10
12448,10
1245,10
12451,10
12452,10
12453,10
12454,10
12459,10
12460,10
12461,10
12462,10
12463,10
12465,10
12466,10
12467,10
12468,10
12469,10
1247,10
12470,10
12471,10
12472,10
12473,10
12474,10
12475,10
12476,10
12478,10
12479,10
1248,10
12480,10
12481,10
12485,10
12487,10
12488,10
12489,10
1249,10
12491,10
12492,10
12494,10
12495,10
12497,10
12499,10
12500,10
12504,10
12506,10
12507,10
12509,10
12511,10
12512,10
12513,10
12514,10
12515,10
12517,10
12518,10
12519,10
1252,10
12521,10
12522,10
12524,10
12525,10
12526,10
12529,10
1253,10
12532,10
12534,10
12535,10
12539,10
12540,10
12546,10
12547,10
12548,10
1255,10
12551,10
12554,10
12555,10
1256,10
12560,10
12563,10
12565,10
12567,10
12568,10
12569,10
12570,10
12571,10
12573,10
12574,10
12576,10
12577,10
12578,10
12579,10
12580,10
12581,10
12582,10
12584,10
12585,10
12587,10
12590,10
12591,10
12593,10
12596,10
12599,10
126,10
1260,10
12601,10
12602,10
12607,10
12608,10
12609,10
1261,10
12610,10
12611,10
12615,10
12616,10
12617,10
12618,10
12619,10
12620,10
12621,10
12622,10
12623,10
12624,10
12626,10
12630,10
12631,10
12635,10
12636,10
12638,10
12639,10
12642,10
12644,10
12645,10
12646,10
12647,10
12648,10
12652,10
12653,10
12654,10
12655,10
12656,10
12659,10
12661,10
12665,10
12666,10
12667,10
12669,10
12671,10
12673,10
12674,10
12676,10
12677,10
12679,10
12680,10
12682,10
12684,10
12685,10
12686,10
12689,10
12690,10
12692,10
12696,10
12698,10
12699,10
1270,10
12701,10
12702,10
12703,10
12705,10
12706,10
12707,10
12709,10
12710,10
12711,10
12712,10
12713,10
12714,10
12718,10
1272,10
12720,10
12721,10
12722,10
12723,10
12726,10
12727,10
12728,10
12729,10
1273,10
12731,10
12732,10
12735,10
12736,10
12737,10
12738,10
1274,10
12742,10
12745,10
12748,10
1275,10
12750,10
12753,10
12755,10
12756,10
12757,10
12758,10
12759,10
1276,10
12761,10
12762,10
12766,10
12767,10
12768,10
12769,10
1277,10
12770,10
12771,10
12774,10
12776,10
12777,10
12778,10
1278,10
12780,10
12781,10
12782,10
12783,10
12785,10
12787,10
12792,10
12793,10
12794,10
12795,10
12796,10
12797,10
12799,10
128,10
1280,10
12800,10
12801,10
12802,10
12803,10
12804,10
12805,10
12806,10
12808,10
12809,10
1281,10
12810,10
12811,10
12813,10
12815,10
12817,10
12819,10
1282,10
12820,10
12822,10
12826,10
12828,10
12829,10
12830,10
12831,10
12832,10
12833,10
12835,10
12836,10
12837,10
12838,10
1284,10
12841,10
12845,10
12846,10
12847,10
12849,10
12850,10
12851,10
12856,10
12857,10
12858,10
12859,10
1286,10
12861,10
12862,10
12863,10
12865,10
12868,10
12869,10
1287,10
12870,10
12872,10
12873,10
12874,10
12875,10
12876,10
12877,10
12878,10
12879,10
1288,10
12881,10
12882,10
12883,10
12884,10
12887,10
1289,10
12890,10
12893,10
12894,10
12895,10
12897,10
12898,10
12899,10
12901,10
12902,10
12903,10
12907,10
12908,10
12909,10
1291,10
12910,10
12916,10
1292,10
12920,10
12921,10
12922,10
12923,10
12927,10
12930,10
12931,10
12932,10
12935,10
12939,10
1294,10
12942,10
12943,10
12944,10
12946,10
12947,10
12949,10
1295,10
12953,10
12954,10
12956,10
12957,10
12958,10
12959,10
1296,10
12960,10
12961,10
12964,10
12965,10
12966,10
12971,10
12974,10
12975,10
12976,10
12977,10
12979,10
1298,10
12980,10
12981,10
12984,10
12985,10
12988,10
12991,10
12992,10
12993,10
12997,10
12998,10
13,10
130,10
1300,10
13000,10
13002,10
13003,10
13005,10
13006,10
13007,10
13008,10
13009,10
1301,10
13010,10
13011,10
13012,10
13013,10
13014,10
13015,10
13016,10
13017,10
13020,10
13021,10
13022,10
13023,10
13024,10
13025,10
13026,10
13027,10
13028,10
13029,10
1303,10
13032,10
13036,10
13037,10
13039,10
1304,10
13040,10
13041,10
13043,10
13044,10
13045,10
13046,10
13047,10
13048,10
1305,10
13050,10
13051,10
13053,10
13056,10
13057,10
13060,10
13062,10
13065,10
13068,10
13075,10
13076,10
13077,10
13079,10
13081,10
13084,10
13085,10
13087,10
13091,10
13092,10
13093,10
13095,10
13097,10
13098,10
1310,10
13102,10
13105,10
13106,10
13107,10
13108,10
13109,10
13112,10
13113,10
13115,10
13116,10
13117,10
13119,10
13120,10
13122,10
13123,10
13125,10
13126,10
13128,10
13129,10
13135,10
13136,10
13138,10
13139,10
1314,10
13140,10
13143,10
13145,10
13146,10
13147,10
13148,10
1315,10
13150,10
13152,10
13155,10
13159,10
13160,10
13161,10
13162,10
13163,10
13164,10
13166,10
13167,10
13168,10
13169,10
13170,10
13171,10
13178,10
1318,10
13181,10
13183,10
13188,10
13189,10
13190,10
13191,10
13192,10
13193,10
13195,10
13196,10
13198,10
13199,10
132,10
1320,10
13202,10
13203,10
13204,10
13207,10
13208,10
1321,10
13210,10
13212,10
13216,10
13217,10
13218,10
1322,10
13223,10
13224,10
13226,10
13227,10
13228,10
13229,10
1323,10
13231,10
13233,10
13234,10
13235,10
13237,10
13239,10
1324,10
13240,10
13241,10
13242,10
13243,10
13245,10
13247,10
13249,10
13250,10
13251,10
13254,10
13256,10
13258,10
13260,10
13263,10
13265,10
13266,10
13267,10
13268,10
1327,10
13271,10
13272,10
13275,10
13277,10
13278,10
1328,10
13280,10
13282,10
13285,10
13289,10
13291,10
13292,10
13294,10
13295,10
13296,10
13297,10
13299,10
133,10
1330,10
13300,10
13303,10
13306,10
13307,10
13309,10
13313,10
13314,10
13315,10
13317,10
1332,10
13321,10
13326,10
13328,10
1333,10
13330,10
13332,10
13333,10
13334,10
13335,10
13337,10
13338,10
13340,10
13341,10
13342,10
13343,10
13344,10
13347,10
13348,10
13349,10
13350,10
13351,10
13352,10
13354,10
13355,10
13356,10
13357,10
13358,10
1336,10
13360,10
13361,10
13362,10
13363,10
13364,10
13365,10
13367,10
13369,10
13372,10
13373,10
13374,10
13375,10
13376,10
13377,10
13378,10
1338,10
13380,10
13381,10
13382,10
13384,10
13385,10
13387,10
13388,10
13389,10
1339,10
13392,10
13396,10
13397,10
13399,10
1340,10
13401,10
13402,10
13403,10
13405,10
13406,10
13407,10
13408,10
13409,10
1341,10
13414,10
13416,10
13417,10
13419,10
1342,10
13421,10
13422,10
13423,10
13425,10
13427,10
13428,10
13429,10
13430,10
13433,10
13434,10
13437,10
13438,10
1344,10
13440,10
13441,10
13448,10
13449,10
1345,10
13450,10
13451,10
13452,10
13453,10
13458,10
13461,10
13462,10
13464,10
13466,10
13467,10
13471,10
13472,10
13474,10
13476,10
13478,10
1348,10
13480,10
13482,10
13484,10
13485,10
13489,10
1349,10
13490,10
13491,10
13492,10
13493,10
13494,10
13495,10
13496,10
13499,10
135,10
13500,10
13501,10
13502,10
13503,10
13504,10
13505,10
13509,10
1351,10
13510,10
13511,10
13513,10
13514,10
13517,10
13519,10
1352,10
13520,10
13521,10
13524,10
13526,10
13527,10
13528,10
13529,10
1353,10
13531,10
13533,10
13534,10
13535,10
13536,10
13539,10
1354,10
13541,10
13542,10
13543,10
13544,10
13546,10
13548,10
1355,10
13553,10
13555,10
13558,10
13559,10
13560,10
13561,10
13562,10
13564,10
13565,10
13567,10
13568,10
13569,10
13570,10
13571,10
13572,10
13573,10
13575,10
13576,10
13577,10
13578,10
13579,10
13581,10
13582,10
13583,10
13584,10
13585,10
13586,10
13588,10
13589,10
1359,10
13593,10
13594,10
13595,10
13596,10
13598,10
13602,10
13604,10
13605,10
13606,10
13609,10
13610,10
13611,10
13615,10
13616,10
13618,10
13621,10
13622,10
13623,10
13628,10
1363,10
13630,10
13632,10
13633,10
13635,10
13637,10
13642,10
13644,10
13645,10
13646,10
13647,10
13648,10
13649,10
1365,10
13650,10
13651,10
13654,10
13655,10
13656,10
13657,10
13658,10
13659,10
1366,10
13660,10
13661,10
13662,10
13664,10
13666,10
13668,10
13669,10
1367,10
13670,10
13673,10
13674,10
13677,10
13678,10
13679,10
13680,10
13681,10
13682,10
13683,10
13684,10
13685,10
1369,10
13692,10
13693,10
13694,10
13695,10
13696,10
13697,10
13699,10
137,10
1370,10
13700,10
13701,10
13702,10
13703,10
13705,10
13706,10
13708,10
13709,10
1371,10
13710,10
13711,10
13712,10
13713,10
13714,10
13717,10
13718,10
13719,10
13720,10
13721,10
13722,10
13725,10
13728,10
13729,10
13730,10
13731,10
13732,10
13733,10
13735,10
13736,10
13737,10
13738,10
13739,10
1374,10
13741,10
13742,10
13743,10
13744,10
13745,10
13746,10
13747,10
13748,10
1375,10
13750,10
13751,10
13756,10
13758,10
13759,10
1376,10
13761,10
13763,10
13764,10
13766,10
13767,10
13769,10
1377,10
13771,10
13772,10
13774,10
13776,10
1378,10
13781,10
13782,10
13787,10
13789,10
13791,10
13792,10
13795,10
13797,10
1380,10
13801,10
13806,10
13807,10
13809,10
13810,10
13816,10
13817,10
13818,10
1382,10
13820,10
13821,10
13824,10
13825,10
13826,10
13827,10
13828,10
1383,10
13830,10
13831,10
13833,10
13835,10
13838,10
13839,10
1384,10
13840,10
13841,10
13842,10
13843,10
13848,10
1385,10
13850,10
13852,10
13853,10
13854,10
13855,10
13856,10
13857,10
13858,10
13859,10
1386,10
13861,10
13862,10
13864,10
13865,10
13868,10
1387,10
13870,10
13872,10
13873,10
13875,10
13876,10
13877,10
13878,10
13879,10
1388,10
13880,10
13881,10
13882,10
13885,10
13887,10
13888,10
13889,10
13890,10
13891,10
13894,10
13901,10
13906,10
13907,10
13908,10
13909,10
1391,10
13910,10
13911,10
13913,10
13919,10
13922,10
13923,10
13925,10
13926,10
13927,10
13928,10
1393,10
13930,10
13931,10
13933,10
13938,10
13939,10
1394,10
13940,10
13941,10
13942,10
13946,10
13948,10
13949,10
13951,10
13954,10
13955,10
13957,10
13958,10
1396,10
13960,10
13961,10
13962,10
13964,10
13965,10
13966,10
13968,10
13969,10
13970,10
13971,10
13972,10
13974,10
13975,10
13977,10
13978,10
13979,10
1398,10
13980,10
13981,10
13983,10
13984,10
13985,10
13986,10
13988,10
13989,10
1399,10
13990,10
13991,10
13992,10
13994,10
13996,10
13999,10
14003,10
14004,10
14005,10
14006,10
14007,10
14008,10
14009,10
1401,10
14010,10
14011,10
14012,10
14013,10
14014,10
14017,10
14018,10
14019,10
14021,10
14022,10
14023,10
14031,10
14033,10
14037,10
14039,10
14040,10
14042,10
14044,10
14046,10
14047,10
14048,10
14049,10
14051,10
14052,10
14054,10
14055,10
14056,10
14057,10
1406,10
14064,10
14066,10
14067,10
1407,10
14070,10
14071,10
14074,10
14077,10
14079,10
1408,10
14080,10
14082,10
14085,10
14087,10
14088,10
1409,10
14091,10
14093,10
14096,10
14099,10
141,10
1410,10
14101,10
14102,10
14103,10
14105,10
14106,10
14108,10
14109,10
1411,10
14110,10
14111,10
14112,10
14114,10
14115,10
14116,10
14117,10
14118,10
14120,10
14121,10
14122,10
14126,10
14127,10
14128,10
14129,10
14130,10
14133,10
14134,10
14135,10
14138,10
14139,10
14140,10
14141,10
14142,10
14143,10
14145,10
14147,10
14148,10
14149,10
14151,10
14152,10
14153,10
14154,10
14155,10
14157,10
14158,10
14159,10
1416,10
14160,10
14161,10
14163,10
14166,10
14168,10
14169,10
14170,10
14173,10
14174,10
14175,10
14176,10
14177,10
14179,10
14182,10
14185,10
14186,10
14187,10
14188,10
14189,10
14194,10
14196,10
14198,10
142,10
1420,10
14200,10
14202,10
14204,10
14205,10
14210,10
14215,10
14219,10
1422,10
14220,10
14221,10
14223,10
14225,10
14227,10
14230,10
14231,10
14232,10
14237,10
14239,10
1424,10
14240,10
14241,10
14242,10
14244,10
14245,10
14247,10
14248,10
14249,10
14250,10
14251,10
14253,10
14254,10
14255,10
14257,10
14259,10
1426,10
14262,10
14263,10
14264,10
14265,10
14266,10
14267,10
14269,10
14272,10
14275,10
14278,10
14279,10
14282,10
14283,10
14284,10
14285,10
14289,10
1429,10
14291,10
14292,10
14295,10
14297,10
14298,10
143,10
1430,10
14300,10
14305,10
14306,10
14307,10
14308,10
14309,10
1431,10
14310,10
14312,10
14313,10
14315,10
14316,10
14317,10
14318,10
14319,10
1432,10
14320,10
14323,10
14324,10
14326,10
14329,10
14330,10
14331,10
14335,10
14338,10
14340,10
14342,10
14343,10
14344,10
14345,10
14346,10
14347,10
14352,10
14353,10
14355,10
14360,10
14361,10
14363,10
14366,10
14367,10
14368,10
1437,10
14372,10
14373,10
14374,10
14375,10
14376,10
14377,10
14380,10
14382,10
14383,10
14385,10
14387,10
1439,10
14390,10
14391,10
14392,10
14393,10
14395,10
14397,10
14399,10
14400,10
14405,10
14406,10
14409,10
1441,10
14411,10
14414,10
14415,10
14416,10
14418,10
14419,10
14420,10
14425,10
14426,10
14427,10
1443,10
14431,10
14434,10
14435,10
14437,10
14439,10
1444,10
14441,10
14442,10
14446,10
14447,10
14449,10
1445,10
14450,10
14451,10
14452,10
14454,10
14455,10
14458,10
14459,10
14460,10
14464,10
14465,10
14468,10
14469,10
14472,10
14473,10
14474,10
14475,10
14476,10
14477,10
14478,10
14479,10
1448,10
14480,10
14481,10
14482,10
14483,10
14487,10
14488,10
14489,10
1449,10
14491,10
14492,10
14493,10
14495,10
14496,10
14497,10
14498,10
14499,10
145,10
14501,10
14502,10
14503,10
14504,10
14505,10
14506,10
14509,10
1451,10
14512,10
14513,10
14515,10
14516,10
14517,10
14519,10
1452,10
14520,10
14522,10
14523,10
14524,10
14529,10
14530,10
14532,10
14533,10
14534,10
14536,10
14537,10
14538,10
1454,10
14540,10
14541,10
14544,10
14545,10
14546,10
14547,10
14548,10
14551,10
14552,10
14553,10
14554,10
14556,10
14557,10
14558,10
14559,10
1456,10
14560,10
14562,10
14563,10
14568,10
14569,10
1457,10
14570,10
14571,10
14572,10
14574,10
14575,10
14576,10
14577,10
14580,10
14582,10
14583,10
14584,10
14589,10
14590,10
14592,10
14595,10
14597,10
14599,10
146,10
1460,10
14600,10
14601,10
14606,10
14608,10
14609,10
14613,10
14614,10
14616,10
14618,10
1462,10
14620,10
14621,10
14622,10
14623,10
14625,10
14627,10
14629,10
1463,10
14630,10
14632,10
14633,10
14638,10
1464,10
14640,10
14641,10
14643,10
14644,10
14648,10
14651,10
14652,10
14654,10
14657,10
14658,10
14659,10
14660,10
14662,10
14664,10
14665,10
14666,10
14668,10
14672,10
14673,10
14674,10
14676,10
14677,10
14679,10
14680,10
14682,10
14684,10
14685,10
14686,10
14687,10
1469,10
14690,10
14691,10
14692,10
14694,10
14695,10
14698,10
14700,10
14702,10
14704,10
14705,10
14707,10
14710,10
14713,10
14714,10
14715,10
14721,10
14722,10
14723,10
14724,10
14725,10
14726,10
14727,10
14728,10
1473,10
14730,10
14731,10
14739,10
1474,10
14740,10
14744,10
14749,10
1475,10
14751,10
14752,10
14754,10
14756,10
14757,10
14758,10
1476,10
14763,10
14764,10
14768,10
14769,10
14773,10
14774,10
14778,10
14783,10
14784,10
14785,10
14786,10
14790,10
14792,10
14795,10
14796,10
14797,10
1480,10
14800,10
14801,10
14802,10
14803,10
14804,10
14805,10
14806,10
14807,10
14808,10
14809,10
14812,10
14814,10
14815,10
14818,10
14819,10
1482,10
14822,10
14825,10
14826,10
14827,10
14828,10
14830,10
14831,10
14832,10
14833,10
14835,10
14836,10
14838,10
14842,10
14843,10
14846,10
14848,10
14850,10
14852,10
14853,10
14854,10
14856,10
14858,10
14859,10
14861,10
14864,10
14866,10
14867,10
14868,10
14872,10
14873,10
14874,10
14875,10
14877,10
14878,10
14879,10
1488,10
14880,10
14881,10
14882,10
14886,10
14888,10
14889,10
1489,10
14891,10
14892,10
14894,10
14895,10
14897,10
14899,10
149,10
1490,10
14900,10
14901,10
14904,10
14905,10
14906,10
14908,10
14909,10
1491,10
14910,10
14912,10
14914,10
14916,10
1492,10
14920,10
14921,10
14923,10
14925,10
14927,10
14928,10
14929,10
1493,10
14931,10
14932,10
14933,10
14934,10
14936,10
14937,10
14941,10
14942,10
14943,10
14944,10
14946,10
14949,10
14953,10
14954,10
14955,10
14956,10
14958,10
14959,10
1496,10
14961,10
14963,10
14964,10
14965,10
14966,10
14968,10
14969,10
1497,10
14971,10
14973,10
14975,10
14976,10
14978,10
14979,10
14980,10
14981,10
14984,10
14985,10
14986,10
14987,10
14989,10
14990,10
14992,10
14993,10
14994,10
14995,10
14998,10
14999,10
15,10
150,10
15000,10
15001,10
15003,10
15005,10
15007,10
15008,10
15009,10
15010,10
15012,10
15013,10
15015,10
15017,10
15019,10
1502,10
15020,10
15022,10
15023,10
15026,10
15027,10
15029,10
1503,10
15031,10
15033,10
15034,10
15035,10
15036,10
15039,10
1504,10
15041,10
15042,10
15044,10
15045,10
15046,10
15047,10
15048,10
15051,10
15055,10
15056,10
15057,10
15058,10
1506,10
15061,10
15062,10
15063,10
15065,10
15067,10
15068,10
15069,10
1507,10
15070,10
15071,10
15073,10
15075,10
15076,10
15077,10
15078,10
15079,10
1508,10
15080,10
15081,10
15082,10
15083,10
15084,10
15085,10
15086,10
15087,10
1509,10
15095,10
15096,10
15098,10
15099,10
15101,10
15108,10
15109,10
1511,10
15111,10
15112,10
15113,10
15116,10
15117,10
1512,10
15120,10
15121,10
15122,10
15123,10
15124,10
15126,10
15127,10
15128,10
15129,10
1513,10
15130,10
15131,10
15132,10
15133,10
15135,10
15138,10
1514,10
15140,10
15141,10
15142,10
15143,10
15145,10
15149,10
15150,10
15151,10
15155,10
15156,10
15158,10
1516,10
15160,10
15161,10
15163,10
15168,10
15169,10
1517,10
15173,10
15174,10
15175,10
15178,10
15179,10
15180,10
15181,10
15182,10
15184,10
15185,10
15186,10
1519,10
15190,10
15191,10
15192,10
15193,10
15194,10
15196,10
15199,10
1520,10
15200,10
15202,10
15204,10
15206,10
15207,10
15208,10
1521,10
15210,10
15211,10
15212,10
15213,10
15214,10
15216,10
15218,10
15220,10
15221,10
15222,10
15223,10
15224,10
15225,10
15226,10
15229,10
1523,10
15232,10
15234,10
15236,10
15237,10
15238,10
15239,10
1524,10
15240,10
15243,10
15244,10
15246,10
15247,10
15249,10
15250,10
15252,10
15253,10
15254,10
15255,10
15257,10
15258,10
1526,10
15260,10
15261,10
15262,10
15264,10
15265,10
15266,10
15267,10
15268,10
15271,10
15275,10
15277,10
15279,10
15282,10
15284,10
15287,10
15288,10
15289,10
1529,10
15290,10
15291,10
15293,10
15294,10
15295,10
15297,10
15298,10
153,10
1530,10
15300,10
15301,10
15302,10
15304,10
15305,10
1531,10
15312,10
15313,10
15314,10
15315,10
15316,10
15317,10
1532,10
15320,10
15322,10
15323,10
15324,10
15328,10
15329,10
15331,10
15332,10
15333,10
15334,10
15335,10
15336,10
15339,10
15340,10
15341,10
15342,10
15343,10
15344,10
15345,10
15347,10
15348,10
15349,10
15350,10
15351,10
15353,10
15356,10
15357,10
15358,10
15359,10
1536,10
15360,10
15361,10
15362,10
15363,10
15364,10
15366,10
15367,10
15368,10
1537,10
15370,10
15371,10
15372,10
15374,10
15376,10
15377,10
15378,10
1538,10
15380,10
15381,10
15383,10
15385,10
15389,10
1539,10
15392,10
15395,10
15397,10
15398,10
15399,10
15400,10
15401,10
15405,10
15406,10
15408,10
15409,10
15411,10
15412,10
15413,10
15414,10
15416,10
15417,10
15420,10
15421,10
15423,10
15426,10
15429,10
1543,10
15431,10
15432,10
15436,10
15437,10
15439,10
15440,10
15441,10
15442,10
15448,10
15449,10
15452,10
15453,10
15455,10
15456,10
15457,10
15458,10
1546,10
15460,10
15461,10
15462,10
15464,10
15466,10
15469,10
15470,10
15476,10
15477,10
15478,10
15479,10
1548,10
15483,10
15486,10
15488,10
1549,10
15490,10
15492,10
15493,10
15494,10
15498,10
155,10
1550,10
15500,10
15504,10
15505,10
15506,10
15507,10
15509,10
15510,10
15511,10
15514,10
15515,10
15518,10
15519,10
15520,10
15521,10
15522,10
15523,10
15524,10
15525,10
15526,10
15527,10
15528,10
15529,10
1553,10
15530,10
15531,10
15532,10
15534,10
15535,10
15539,10
1554,10
15540,10
15542,10
15543,10
15546,10
15548,10
1555,10
15550,10
15551,10
15553,10
15556,10
15557,10
15558,10
15559,10
15562,10
15563,10
15564,10
15567,10
15568,10
15569,10
1557,10
15570,10
15572,10
15577,10
15579,10
1558,10
15581,10
15582,10
15583,10
15584,10
15585,10
15586,10
15587,10
15588,10
15589,10
15593,10
15594,10
15595,10
15596,10
15597,10
15598,10
15601,10
15602,10
15607,10
15608,10
15609,10
1561,10
15610,10
15611,10
15613,10
15614,10
15616,10
15617,10
1562,10
15620,10
15621,10
15627,10
15630,10
15631,10
15632,10
15633,10
15634,10
15637,10
1564,10
15642,10
15646,10
15649,10
1565,10
15652,10
15654,10
15657,10
15659,10
1566,10
15661,10
15664,10
15666,10
15667,10
15668,10
1567,10
15672,10
15673,10
15676,10
15677,10
15679,10
1568,10
15681,10
15682,10
15684,10
15685,10
15686,10
15687,10
15689,10
1569,10
15690,10
15692,10
15693,10
15694,10
15698,10
15700,10
15701,10
15702,10
15704,10
15706,10
15707,10
15708,10
15709,10
1571,10
15714,10
15716,10
15717,10
15718,10
15719,10
15720,10
15722,10
15724,10
15726,10
15727,10
15728,10
1573,10
15732,10
15733,10
15734,10
15735,10
15736,10
15738,10
15739,10
1574,10
15740,10
15742,10
15743,10
15744,10
15745,10
15746,10
15747,10
1575,10
15750,10
15751,10
15754,10
15755,10
15757,10
15758,10
15759,10
1576,10
15760,10
15761,10
15762,10
15763,10
15765,10
15767,10
15768,10
15769,10
15770,10
15771,10
15772,10
15774,10
15777,10
15779,10
1578,10
15780,10
15781,10
15783,10
15784,10
15785,10
15786,10
15787,10
15789,10
15790,10
15795,10
15796,10
15797,10
15799,10
1580,10
15800,10
15801,10
15803,10
15805,10
15806,10
15807,10
15809,10
1581,10
15811,10
15812,10
15814,10
15815,10
15818,10
15819,10
15820,10
15821,10
15823,10
15825,10
15829,10
1583,10
15830,10
15831,10
15832,10
15833,10
15834,10
15835,10
15836,10
15837,10
15841,10
15845,10
15846,10
15848,10
1585,10
15851,10
15852,10
15853,10
15855,10
15856,10
15857,10
15860,10
15861,10
15863,10
15865,10
15866,10
15867,10
15868,10
15869,10
15871,10
15872,10
15875,10
15877,10
15879,10
1588,10
15882,10
15884,10
15886,10
15889,10
1589,10
15890,10
15891,10
15893,10
15897,10
15898,10
159,10
1590,10
15900,10
15901,10
15902,10
15903,10
15904,10
15905,10
15907,10
15908,10
15909,10
1591,10
15910,10
15911,10
15912,10
15918,10
15923,10
15924,10
15925,10
15927,10
15931,10
15932,10
15934,10
15936,10
15937,10
15938,10
15939,10
15940,10
15942,10
15944,10
15945,10
15946,10
15947,10
15948,10
15949,10
15951,10
15954,10
15955,10
15956,10
15957,10
15960,10
15961,10
15962,10
15964,10
15965,10
15966,10
15967,10
15968,10
15969,10
15970,10
15971,10
15973,10
15974,10
15975,10
15976,10
15977,10
15978,10
15979,10
1598,10
15980,10
15981,10
15985,10
15986,10
15987,10
15988,10
1599,10
15990,10
15992,10
15993,10
15995,10
15998,10
16,10
16000,10
16001,10
16002,10
16004,10
16005,10
16006,10
16007,10
16008,10
16009,10
1601,10
16011,10
16012,10
16015,10
16016,10
16019,10
1602,10
16020,10
16022,10
16025,10
16027,10
1603,10
16031,10
16032,10
16036,10
16038,10
1604,10
16040,10
16041,10
16043,10
16045,10
16047,10
16048,10
1605,10
16050,10
16051,10
16053,10
16054,10
16055,10
16056,10
16057,10
16060,10
16061,10
16062,10
16064,10
16065,10
16066,10
16067,10
16069,10
1607,10
16071,10
16072,10
16073,10
16074,10
16075,10
16076,10
16078,10
1608,10
16080,10
16085,10
16086,10
16088,10
1609,10
16090,10
16093,10
16095,10
16096,10
16097,10
161,10
16102,10
16103,10
16105,10
16106,10
16107,10
1611,10
16110,10
16112,10
16115,10
16119,10
16120,10
16124,10
16125,10
16126,10
16127,10
16128,10
16129,10
1613,10
16130,10
16131,10
16132,10
16134,10
16136,10
1614,10
16143,10
16145,10
16146,10
16148,10
16149,10
16150,10
16155,10
16156,10
16159,10
1616,10
16160,10
16161,10
16165,10
16168,10
16169,10
16170,10
16171,10
16172,10
16174,10
16176,10
16177,10
1618,10
16182,10
16184,10
16186,10
16189,10
1619,10
16191,10
16192,10
16193,10
16195,10
16196,10
16197,10
16198,10
16202,10
16206,10
16208,10
16209,10
1621,10
16211,10
16212,10
16213,10
16214,10
16216,10
16218,10
16219,10
1622,10
16220,10
16221,10
16222,10
16226,10
16229,10
1623,10
16231,10
16232,10
16234,10
16235,10
1624,10
16240,10
16241,10
16242,10
16243,10
16245,10
16246,10
16247,10
16248,10
16249,10
16251,10
16253,10
16254,10
16256,10
16258,10
16260,10
16261,10
16262,10
16266,10
16267,10
16268,10
1627,10
16270,10
16271,10
16273,10
16274,10
16275,10
16276,10
16278,10
16279,10
16280,10
16281,10
16282,10
16284,10
16286,10
16287,10
1629,10
16291,10
16292,10
16294,10
16296,10
16297,10
16298,10
16299,10
163,10
16302,10
16303,10
16304,10
16305,10
16306,10
16308,10
16311,10
16313,10
16316,10
16318,10
16319,10
16325,10
16326,10
16329,10
1633,10
16330,10
16331,10
16334,10
16335,10
16338,10
1634,10
16340,10
16341,10
16342,10
16344,10
16345,10
16347,10
1635,10
16351,10
16352,10
16354,10
16356,10
16360,10
16361,10
16362,10
16364,10
16365,10
16366,10
16367,10
16368,10
16369,10
16372,10
16373,10
16374,10
16375,10
16376,10
16378,10
16379,10
1638,10
16380,10
16382,10
16383,10
16384,10
16385,10
16386,10
16392,10
16394,10
16395,10
16396,10
16397,10
1640,10
16400,10
16401,10
16405,10
1641,10
16410,10
16411,10
16412,10
16413,10
1642,10
16420,10
16421,10
16424,10
16425,10
16426,10
16428,10
16429,10
1643,10
16433,10
16434,10
16437,10
16439,10
1644,10
16440,10
16441,10
16442,10
16444,10
16445,10
16446,10
16447,10
16449,10
1645,10
16450,10
16451,10
16453,10
16456,10
1646,10
16460,10
16461,10
16464,10
16465,10
16466,10
16467,10
16468,10
16469,10
16471,10
16472,10
16475,10
16476,10
16477,10
16478,10
1648,10
16480,10
16481,10
16483,10
16486,10
16488,10
1649,10
16490,10
16491,10
16492,10
16494,10
16496,10
16497,10
16499,10
165,10
16500,10
16501,10
16503,10
16504,10
16505,10
16507,10
16508,10
16509,10
16510,10
16514,10
16516,10
16518,10
16519,10
16521,10
16522,10
16524,10
16526,10
16528,10
16529,10
16534,10
16537,10
16538,10
1654,10
16540,10
16543,10
16544,10
16545,10
16549,10
16550,10
16553,10
16554,10
16555,10
16556,10
16558,10
16559,10
16562,10
16564,10
16566,10
16567,10
16568,10
16569,10
1657,10
16570,10
16571,10
16572,10
16575,10
16576,10
16577,10
16578,10
1658,10
16580,10
16581,10
16583,10
16584,10
16585,10
16586,10
16587,10
16589,10
16592,10
16593,10
16595,10
16596,10
16597,10
16598,10
16599,10
166,10
16601,10
16602,10
16604,10
16605,10
16606,10
16607,10
16608,10
16616,10
16617,10
16618,10
16619,10
1662,10
16620,10
16622,10
16623,10
16624,10
16626,10
16627,10
16628,10
16632,10
16636,10
16637,10
16638,10
16639,10
1664,10
16640,10
16641,10
16642,10
16644,10
16646,10
16647,10
1665,10
16652,10
16654,10
16655,10
16657,10
16658,10
16659,10
16660,10
16661,10
16666,10
16670,10
16672,10
16674,10
16675,10
16676,10
16679,10
16680,10
16681,10
16682,10
16683,10
16684,10
16685,10
16686,10
16688,10
16689,10
1669,10
16690,10
16692,10
16694,10
16696,10
16698,10
167,10
1670,10
16701,10
16702,10
16703,10
16704,10
16705,10
16707,10
16709,10
1671,10
16711,10
16712,10
16714,10
16716,10
16718,10
16720,10
16722,10
16723,10
16724,10
16726,10
16727,10
16728,10
1673,10
16730,10
16731,10
16733,10
16734,10
16735,10
16736,10
1674,10
16740,10
16742,10
16743,10
16744,10
16746,10
16747,10
16748,10
1675,10
16751,10
16752,10
16754,10
16761,10
16763,10
16764,10
16765,10
16766,10
16768,10
16769,10
1677,10
16770,10
16773,10
16776,10
16777,10
16779,10
1678,10
16781,10
16782,10
16784,10
16786,10
16787,10
16791,10
16793,10
16794,10
16796,10
16797,10
16799,10
168,10
1680,10
16804,10
16807,10
16808,10
16811,10
16817,10
1682,10
16820,10
16823,10
16824,10
16827,10
16828,10
16829,10
1683,10
16830,10
16831,10
16833,10
16834,10
16835,10
16837,10
16838,10
1684,10
16841,10
16843,10
16845,10
16847,10
16848,10
16849,10
1685,10
16859,10
1686,10
16860,10
16861,10
16862,10
16863,10
16864,10
16865,10
16867,10
16871,10
16874,10
16876,10
16878,10
16880,10
16882,10
16883,10
16884,10
16886,10
16887,10
16888,10
16889,10
1689,10
16892,10
16893,10
16895,10
16896,10
16897,10
16899,10
1690,10
16900,10
16901,10
16902,10
16903,10
16904,10
16908,10
16909,10
1691,10
16913,10
16914,10
16915,10
16916,10
1692,10
16923,10
16924,10
16925,10
16926,10
16927,10
16928,10
1693,10
16930,10
16931,10
16932,10
16937,10
16938,10
16939,10
16940,10
16941,10
16943,10
16945,10
16946,10
16947,10
16950,10
16951,10
16955,10
16957,10
16958,10
16960,10
16961,10
16962,10
16964,10
16965,10
16966,10
16967,10
16969,10
1697,10
16971,10
16972,10
16973,10
16977,10
16978,10
16979,10
1698,10
16981,10
16983,10
16984,10
16985,10
16986,10
16987,10
16988,10
16989,10
1699,10
16990,10
16994,10
16995,10
16998,10
16999,10
17004,10
17005,10
17006,10
17008,10
17010,10
17011,10
17013,10
17014,10
17019,10
17020,10
17025,10
17027,10
17028,10
17030,10
17031,10
17032,10
17033,10
17035,10
17037,10
17038,10
17039,10
17040,10
17045,10
17047,10
17049,10
1705,10
17051,10
17052,10
17053,10
17054,10
17055,10
17058,10
17060,10
17061,10
17062,10
17064,10
17066,10
17067,10
17069,10
17070,10
17071,10
17072,10
17074,10
17075,10
17076,10
17077,10
17078,10
17079,10
1708,10
17080,10
17081,10
17082,10
17084,10
17086,10
17089,10
17090,10
17093,10
17097,10
17099,10
1710,10
17104,10
17105,10
17106,10
17107,10
17108,10
17111,10
17112,10
17114,10
17115,10
17116,10
17119,10
1712,10
17120,10
17121,10
17124,10
17125,10
17126,10
17127,10
17128,10
17129,10
1713,10
17130,10
17131,10
17134,10
17135,10
17137,10
17138,10
17139,10
17140,10
17141,10
17142,10
17145,10
17146,10
17148,10
17149,10
1715,10
17150,10
17151,10
17152,10
17153,10
17154,10
17156,10
17157,10
17159,10
1716,10
17160,10
17162,10
17165,10
17167,10
1717,10
17170,10
17171,10
17172,10
17173,10
17175,10
17176,10
17178,10
17179,10
17180,10
17182,10
17184,10
17185,10
17188,10
17190,10
17191,10
17192,10
17196,10
17197,10
17198,10
1720,10
17202,10
17204,10
17205,10
17206,10
17207,10
17208,10
17209,10
1721,10
17216,10
17217,10
17218,10
17220,10
17222,10
17224,10
17225,10
17226,10
17227,10
17228,10
17229,10
1723,10
17230,10
17231,10
17232,10
17233,10
17235,10
17236,10
17238,10
17239,10
1724,10
17240,10
17241,10
17243,10
17244,10
17245,10
17246,10
17248,10
17249,10
17250,10
17252,10
17255,10
17256,10
17258,10
1726,10
17261,10
17262,10
17263,10
17265,10
17266,10
17269,10
17271,10
17272,10
17276,10
17277,10
17279,10
17280,10
17281,10
17284,10
17285,10
17286,10
17287,10
17288,10
17289,10
1729,10
17291,10
17292,10
17293,10
17294,10
17296,10
17297,10
17299,10
17301,10
17302,10
17303,10
17307,10
17308,10
17309,10
17312,10
17315,10
17316,10
17317,10
17319,10
17320,10
17321,10
17323,10
17324,10
17325,10
17326,10
17327,10
17328,10
17329,10
1733,10
17330,10
17331,10
17333,10
17334,10
17335,10
17336,10
17337,10
17339,10
1734,10
17340,10
17341,10
17346,10
17347,10
17349,10
17350,10
17352,10
17353,10
17354,10
17355,10
17356,10
17357,10
17358,10
1736,10
17360,10
17361,10
17362,10
17365,10
17366,10
17368,10
17369,10
1737,10
17370,10
17371,10
17372,10
17373,10
17374,10
17375,10
17376,10
17377,10
17378,10
17380,10
17381,10
17383,10
17384,10
17387,10
17389,10
17393,10
17396,10
17399,10
17401,10
17402,10
17404,10
17406,10
17407,10
17409,10
1741,10
17410,10
17411,10
17414,10
17418,10
17420,10
17421,10
17423,10
17424,10
17426,10
17427,10
1743,10
17430,10
17431,10
17437,10
17438,10
1744,10
17440,10
17443,10
17446,10
17449,10
1745,10
17450,10
17451,10
17452,10
17454,10
17455,10
1746,10
17462,10
17465,10
17466,10
17467,10
17469,10
1747,10
17471,10
17473,10
17474,10
17476,10
17479,10
1748,10
17481,10
17482,10
17486,10
17488,10
17489,10
17492,10
17493,10
17497,10
17498,10
17499,10
1750,10
17500,10
17502,10
17504,10
17507,10
17509,10
1751,10
17511,10
17514,10
17515,10
17518,10
17519,10
17521,10
17522,10
17527,10
17528,10
17529,10
1753,10
17530,10
17531,10
17532,10
17534,10
17535,10
17536,10
17538,10
1754,10
17541,10
17543,10
17546,10
17547,10
17548,10
17549,10
17550,10
17551,10
17552,10
17553,10
17554,10
17555,10
17556,10
17557,10
17558,10
1756,10
17560,10
17561,10
17562,10
17563,10
17569,10
1757,10
17570,10
17572,10
17573,10
17574,10
17576,10
17577,10
17578,10
17579,10
17580,10
17581,10
17582,10
17586,10
17587,10
17588,10
17591,10
17592,10
17593,10
17594,10
17596,10
17598,10
17599,10
17600,10
17601,10
17604,10
17605,10
17607,10
17608,10
17609,10
1761,10
17612,10
17613,10
17615,10
17617,10
17618,10
17619,10
1762,10
17620,10
17621,10
17622,10
17625,10
17628,10
17630,10
17631,10
17632,10
17633,10
17634,10
17635,10
17637,10
17638,10
17639,10
17642,10
17643,10
17645,10
17648,10
17649,10
1765,10
17652,10
17653,10
17656,10
17657,10
17658,10
17659,10
17661,10
17662,10
17663,10
17665,10
17667,10
17670,10
17671,10
17672,10
17674,10
17677,10
17678,10
1768,10
17680,10
17681,10
17682,10
17683,10
17685,10
17688,10
17689,10
1769,10
17691,10
17694,10
17696,10
17697,10
17699,10
177,10
17701,10
17702,10
17705,10
17706,10
17708,10
17709,10
17710,10
17712,10
17716,10
17721,10
17722,10
17723,10
17727,10
17729,10
17733,10
17734,10
17736,10
17738,10
17739,10
1774,10
17742,10
17743,10
17744,10
17746,10
17747,10
17748,10
17749,10
17752,10
17753,10
17754,10
17755,10
17758,10
17759,10
1776,10
17761,10
17762,10
17763,10
17764,10
17768,10
17769,10
1777,10
17770,10
17775,10
17776,10
17777,10
17778,10
17779,10
1778,10
17780,10
17783,10
17784,10
17789,10
17790,10
17798,10
17799,10
178,10
17801,10
17802,10
17806,10
17807,10
17808,10
17811,10
17812,10
17813,10
17814,10
17815,10
17817,10
17818,10
17819,10
1782,10
17820,10
17822,10
17823,10
17824,10
17825,10
17826,10
17827,10
17828,10
17830,10
17832,10
17833,10
17834,10
17835,10
17836,10
17839,10
1784,10
17840,10
17841,10
17842,10
17843,10
17845,10
17849,10
1785,10
17850,10
17855,10
17856,10
17859,10
1786,10
17861,10
17862,10
17865,10
17866,10
17867,10
17869,10
1787,10
17872,10
17873,10
17874,10
17875,10
17876,10
17879,10
1788,10
17880,10
17881,10
17882,10
17886,10
17887,10
17890,10
17891,10
17893,10
17898,10
17899,10
179,10
1790,10
17900,10
17903,10
17904,10
17905,10
17906,10
17908,10
17909,10
1791,10
17910,10
17912,10
17913,10
17915,10
17916,10
17919,10
1792,10
17923,10
17924,10
17926,10
1793,10
17932,10
17933,10
17936,10
17938,10
17939,10
17943,10
17944,10
17945,10
17946,10
17948,10
17949,10
17950,10
17951,10
17952,10
17953,10
17954,10
17955,10
17956,10
17957,10
17959,10
1796,10
17960,10
17961,10
17964,10
17965,10
17966,10
17967,10
1797,10
17972,10
17973,10
17974,10
17975,10
17976,10
17977,10
17978,10
17979,10
1798,10
17981,10
17983,10
17984,10
17986,10
17988,10
17989,10
17990,10
17994,10
17996,10
17997,10
17999,10
18,10
180,10
1800,10
18001,10
18002,10
18003,10
18004,10
18005,10
18006,10
18008,10
1801,10
18010,10
18011,10
18012,10
18015,10
18017,10
1802,10
18020,10
18023,10
18028,10
18030,10
18033,10
18034,10
18035,10
18036,10
18037,10
18038,10
1804,10
18041,10
18043,10
18046,10
18047,10
18049,10
18050,10
18051,10
18052,10
18055,10
18056,10
18057,10
18059,10
1806,10
18061,10
18062,10
18064,10
18065,10
18067,10
18068,10
18069,10
1807,10
18070,10
18072,10
18075,10
18076,10
18077,10
18078,10
18079,10
18080,10
18081,10
18083,10
18085,10
18086,10
18089,10
1809,10
18090,10
18091,10
18092,10
18094,10
18095,10
18098,10
18099,10
181,10
18100,10
18101,10
18104,10
18106,10
18111,10
18112,10
18116,10
18117,10
18124,10
18125,10
18126,10
18127,10
18129,10
1813,10
18131,10
18132,10
18133,10
18135,10
1814,10
18143,10
18144,10
18145,10
18146,10
18147,10
18149,10
18150,10
18152,10
18154,10
18157,10
18158,10
18161,10
18165,10
18166,10
18167,10
18168,10
18169,10
1817,10
18170,10
18171,10
18173,10
18174,10
18176,10
18178,10
18181,10
18183,10
18184,10
18188,10
1819,10
18190,10
18191,10
18193,10
18195,10
18197,10
18198,10
1820,10
18200,10
18201,10
18202,10
18207,10
18209,10
18210,10
18211,10
18212,10
18214,10
18216,10
18217,10
18218,10
18220,10
18221,10
18223,10
18224,10
18225,10
18226,10
18227,10
18229,10
1823,10
18231,10
18232,10
18233,10
18234,10
18236,10
18237,10
18238,10
18239,10
18242,10
18243,10
18244,10
18246,10
18248,10
1825,10
18250,10
18251,10
18252,10
18253,10
18256,10
18257,10
18258,10
18259,10
18260,10
18261,10
18262,10
18266,10
18267,10
18268,10
18269,10
18271,10
18272,10
18273,10
18275,10
18277,10
18279,10
1828,10
18280,10
18281,10
18282,10
18283,10
18284,10
18285,10
18289,10
18290,10
18291,10
18292,10
18294,10
18296,10
18297,10
18299,10
1830,10
18305,10
18306,10
18307,10
1831,10
18311,10
18312,10
18313,10
18314,10
18316,10
18318,10
1832,10
18320,10
18321,10
18323,10
18324,10
18325,10
18327,10
18328,10
18329,10
1833,10
18332,10
18333,10
18334,10
18337,10
18338,10
18339,10
18340,10
18341,10
18345,10
18346,10
18347,10
18348,10
18349,10
1835,10
18351,10
18352,10
18353,10
18355,10
18357,10
18359,10
1836,10
18361,10
18363,10
18364,10
18368,10
18372,10
18374,10
18376,10
18377,10
18378,10
18379,10
18380,10
18381,10
18382,10
18383,10
18384,10
18387,10
1839,10
18390,10
18391,10
18392,10
18393,10
18394,10
18396,10
18397,10
18398,10
18399,10
184,10
18400,10
18402,10
18405,10
18406,10
18407,10
18408,10
18409,10
1841,10
18410,10
18412,10
18413,10
18414,10
18415,10
18416,10
18417,10
18419,10
1842,10
18420,10
18421,10
18422,10
18423,10
18426,10
18427,10
18428,10
1843,10
18430,10
18435,10
18439,10
1844,10
18441,10
18442,10
18443,10
18445,10
18446,10
18448,10
1845,10
18450,10
18451,10
18452,10
18453,10
18454,10
18456,10
18457,10
18459,10
18460,10
18462,10
18463,10
18466,10
18467,10
18469,10
1847,10
18470,10
18471,10
18472,10
18475,10
1848,10
18480,10
18481,10
18482,10
18484,10
18486,10
18489,10
18490,10
18491,10
18492,10
18493,10
18495,10
18496,10
18497,10
1850,10
18500,10
18501,10
18506,10
18507,10
18509,10
18510,10
18511,10
18512,10
18513,10
18514,10
18517,10
18518,10
18519,10
18522,10
18525,10
18527,10
18528,10
1853,10
18533,10
18534,10
18535,10
18536,10
18538,10
18539,10
18540,10
18541,10
18543,10
18544,10
18545,10
18548,10
1855,10
18554,10
18555,10
18556,10
18557,10
18558,10
18560,10
18561,10
18562,10
18563,10
18564,10
18565,10
18567,10
18569,10
1857,10
18570,10
18574,10
18575,10
18577,10
18579,10
18581,10
18584,10
18585,10
18586,10
18588,10
18589,10
1859,10
18590,10
18592,10
18593,10
18599,10
186,10
1860,10
18604,10
18606,10
18609,10
1861,10
18610,10
18611,10
18612,10
18615,10
18616,10
18619,10
1862,10
18621,10
18622,10
18623,10
18624,10
18625,10
18626,10
18628,10
1863,10
18630,10
18632,10
18633,10
18634,10
18635,10
18637,10
18638,10
1864,10
18642,10
18643,10
18646,10
18647,10
1865,10
18653,10
18655,10
18656,10
18658,10
18661,10
18662,10
18663,10
18664,10
18666,10
18667,10
18668,10
18670,10
18672,10
18676,10
18678,10
1868,10
18680,10
18681,10
18683,10
18684,10
18686,10
18689,10
18690,10
18691,10
18693,10
18694,10
18695,10
18696,10
18697,10
18699,10
187,10
1870,10
18703,10
18704,10
18705,10
18707,10
18708,10
18710,10
18712,10
18714,10
18716,10
18718,10
18719,10
1872,10
18721,10
18722,10
18724,10
18727,10
1873,10
18731,10
18732,10
18735,10
18736,10
18738,10
1874,10
18744,10
18745,10
18746,10
18747,10
18748,10
18749,10
1875,10
18750,10
18751,10
18752,10
18754,10
18756,10
18757,10
18758,10
18762,10
18763,10
18767,10
18770,10
18771,10
18774,10
18778,10
18781,10
18784,10
18785,10
1879,10
18791,10
18792,10
18793,10
18794,10
18795,10
18796,10
18797,10
188,10
18801,10
18802,10
18803,10
18804,10
18805,10
18807,10
1881,10
18811,10
18813,10
18814,10
18815,10
18817,10
18820,10
18821,10
18822,10
18824,10
18826,10
18829,10
1883,10
18830,10
18831,10
18832,10
18833,10
18836,10
18837,10
18839,10
1884,10
18840,10
18842,10
18845,10
1885,10
18850,10
18851,10
18856,10
18857,10
18858,10
18859,10
18860,10
18861,10
18862,10
18864,10
18865,10
18866,10
18867,10
18868,10
18869,10
1887,10
18870,10
18871,10
18873,10
18874,10
18878,10
18879,10
18881,10
18883,10
18885,10
18887,10
1889,10
18891,10
18893,10
18894,10
18895,10
18896,10
1890,10
18900,10
18902,10
18903,10
18907,10
18908,10
18909,10
18916,10
18919,10
18921,10
18923,10
18924,10
18926,10
18927,10
18929,10
1893,10
18933,10
18934,10
18936,10
18940,10
18941,10
18942,10
18943,10
18945,10
18947,10
18948,10
18950,10
18951,10
18953,10
18954,10
18955,10
18958,10
1896,10
18960,10
18963,10
18964,10
18965,10
18966,10
18967,10
18968,10
18969,10
1897,10
18971,10
18972,10
18973,10
18974,10
18985,10
18986,10
18987,10
18989,10
18991,10
18992,10
18993,10
18994,10
18996,10
19,10
19000,10
19002,10
19007,10
19008,10
19013,10
19015,10
19017,10
19018,10
1902,10
19020,10
19021,10
19022,10
19024,10
19025,10
19028,10
19029,10
1903,10
19030,10
19033,10
19034,10
19035,10
19036,10
19037,10
19038,10
1904,10
19042,10
19043,10
19044,10
19045,10
19047,10
1905,10
19051,10
19052,10
19054,10
19055,10
19059,10
19061,10
19063,10
19064,10
19065,10
19066,10
19067,10
19068,10
19069,10
19070,10
19072,10
19073,10
19074,10
19075,10
19077,10
19078,10
1908,10
19082,10
19083,10
19087,10
19088,10
1909,10
19093,10
19096,10
19098,10
191,10
19100,10
19101,10
19104,10
19108,10
19109,10
19111,10
19116,10
19117,10
19118,10
19119,10
1912,10
19120,10
19123,10
19124,10
19125,10
19126,10
19127,10
19129,10
1913,10
19131,10
19133,10
19134,10
19136,10
19137,10
19140,10
19141,10
19142,10
19143,10
19145,10
19146,10
19147,10
19148,10
1915,10
19151,10
19152,10
19153,10
19158,10
1916,10
19160,10
19163,10
19164,10
19165,10
19167,10
19169,10
19171,10
19172,10
19174,10
19175,10
19176,10
19177,10
19178,10
19179,10
19182,10
19184,10
19187,10
19188,10
19189,10
19191,10
19194,10
19195,10
19199,10
1920,10
19200,10
19206,10
19209,10
1921,10
19212,10
19213,10
19214,10
19215,10
19216,10
19218,10
19219,10
1922,10
19220,10
19221,10
19222,10
19224,10
19228,10
19229,10
1923,10
19230,10
19234,10
19235,10
19236,10
19237,10
1924,10
19242,10
19244,10
19245,10
19246,10
19247,10
19249,10
1925,10
19252,10
19253,10
19254,10
19256,10
19259,10
19260,10
19262,10
19264,10
19265,10
19266,10
19269,10
1927,10
19270,10
19271,10
19272,10
19274,10
19275,10
19276,10
19277,10
19278,10
19279,10
1928,10
19283,10
19284,10
19285,10
19286,10
19288,10
19289,10
1929,10
19290,10
19291,10
19293,10
19294,10
19295,10
19298,10
19300,10
19302,10
19303,10
19305,10
19306,10
19308,10
19310,10
19311,10
19312,10
19313,10
19314,10
19315,10
19316,10
1932,10
19321,10
19323,10
19324,10
19326,10
19327,10
19328,10
1933,10
19332,10
19336,10
19337,10
19338,10
19339,10
19341,10
19342,10
19343,10
19345,10
19346,10
19347,10
19349,10
19352,10
19354,10
19355,10
19356,10
19358,10
19359,10
1936,10
19360,10
19361,10
19365,10
19368,10
19370,10
19371,10
19372,10
19373,10
19374,10
19375,10
19376,10
19380,10
19381,10
19382,10
19383,10
19385,10
19386,10
19387,10
19388,10
19389,10
19391,10
19393,10
19394,10
19395,10
19399,10
19400,10
19401,10
19403,10
19404,10
19405,10
19407,10
19408,10
19409,10
1941,10
19410,10
19411,10
19412,10
19416,10
19418,10
19420,10
19421,10
19422,10
19426,10
19427,10
1943,10
19433,10
19435,10
19437,10
19438,10
19439,10
1944,10
19445,10
19446,10
19447,10
19449,10
19453,10
19455,10
19456,10
19458,10
19460,10
19461,10
19466,10
19467,10
19468,10
19469,10
19470,10
19473,10
19475,10
19476,10
19477,10
19478,10
19480,10
19481,10
19486,10
19487,10
19488,10
19490,10
19491,10
19493,10
19494,10
19499,10
195,10
1950,10
19500,10
19502,10
19503,10
19504,10
19507,10
19510,10
19511,10
19513,10
19514,10
19516,10
19517,10
19518,10
19519,10
1952,10
19520,10
19522,10
19523,10
19526,10
19527,10
19528,10
19529,10
19530,10
19531,10
19533,10
19535,10
19536,10
1954,10
19540,10
19541,10
19542,10
19543,10
19544,10
19545,10
19547,10
19548,10
19549,10
1955,10
19552,10
19553,10
19558,10
19560,10
19561,10
19562,10
19566,10
19569,10
19570,10
19571,10
19572,10
19573,10
19576,10
19579,10
1958,10
19580,10
19581,10
19582,10
19584,10
19586,10
19587,10
19591,10
19592,10
19593,10
19594,10
19597,10
19599,10
196,10
1960,10
19600,10
19602,10
19605,10
19609,10
19610,10
19613,10
19616,10
19619,10
1962,10
19622,10
19625,10
19627,10
19628,10
19629,10
19634,10
19635,10
19636,10
19637,10
19638,10
19639,10
19640,10
19641,10
19642,10
19644,10
19646,10
19647,10
19648,10
19652,10
19653,10
19657,10
19658,10
19659,10
1966,10
19660,10
19663,10
19664,10
19665,10
19667,10
19669,10
19670,10
19672,10
19673,10
19675,10
19677,10
19678,10
19679,10
1968,10
19680,10
19681,10
19683,10
19684,10
19685,10
19688,10
19689,10
1969,10
19690,10
19691,10
19692,10
19693,10
19694,10
19696,10
1970,10
19702,10
19703,10
19705,10
19706,10
19707,10
19708,10
19709,10
19711,10
19714,10
19716,10
19717,10
19718,10
19719,10
19720,10
19721,10
19722,10
19725,10
19726,10
19729,10
1973,10
19730,10
19732,10
19735,10
19736,10
19738,10
1974,10
19743,10
19744,10
19746,10
19748,10
19749,10
19750,10
19751,10
19753,10
19754,10
19755,10
19756,10
19761,10
19762,10
19764,10
19765,10
19766,10
19768,10
19770,10
19773,10
19774,10
19775,10
19776,10
19777,10
19778,10
1978,10
19781,10
19782,10
19783,10
19784,10
19786,10
19789,10
19790,10
19792,10
19793,10
19794,10
19797,10
19798,10
198,10
1980,10
19800,10
19801,10
19802,10
19804,10
19805,10
19806,10
19807,10
19808,10
1981,10
19810,10
19811,10
19812,10
19814,10
19816,10
19817,10
19821,10
19823,10
19826,10
19827,10
19828,10
19829,10
19830,10
19832,10
19833,10
19835,10
19837,10
19838,10
1984,10
19844,10
19845,10
19847,10
19848,10
19849,10
1985,10
19850,10
19854,10
19855,10
19857,10
19859,10
1986,10
19861,10
19863,10
19864,10
19865,10
19866,10
19868,10
19869,10
1987,10
19870,10
19871,10
19872,10
19875,10
19876,10
19878,10
19879,10
19881,10
19882,10
19883,10
19884,10
19886,10
19887,10
19888,10
19889,10
19891,10
19895,10
19896,10
19898,10
199,10
1990,10
19902,10
19906,10
19908,10
19909,10
19910,10
19912,10
19914,10
19915,10
19916,10
19917,10
19918,10
19919,10
19920,10
19921,10
19922,10
19924,10
19926,10
19927,10
19928,10
19931,10
19934,10
19935,10
19936,10
19937,10
19938,10
1994,10
19942,10
19943,10
19946,10
19947,10
19948,10
19949,10
19951,10
19952,10
19954,10
19955,10
19957,10
19958,10
19959,10
19960,10
19961,10
19963,10
19964,10
19965,10
19966,10
19967,10
19968,10
19969,10
19971,10
19973,10
19975,10
19976,10
19981,10
19982,10
19983,10
19984,10
19985,10
19986,10
19989,10
1999,10
19990,10
19991,10
19993,10
19994,10
19995,10
19996,10
19997,10
19999,10
2,10
20,10
2000,10
2001,10
2005,10
2007,10
2008,10
201,10
2010,10
2014,10
2019,10
2020,10
2022,10
2024,10
2025,10
2027,10
2028,10
2030,10
2032,10
2033,10
2034,10
2035,10
2036,10
2038,10
2039,10
204,10
2042,10
2043,10
2044,10
2045,10
2047,10
2048,10
2049,10
2050,10
2052,10
2053,10
2054,10
2056,10
2059,10
2060,10
2061,10
2063,10
2064,10
2069,10
2071,10
2072,10
2073,10
2079,10
208,10
2081,10
2083,10
2084,10
2085,10
2086,10
2087,10
2092,10
2094,10
2095,10
2096,10
2097,10
2098,10
21,10
210,10
2102,10
2103,10
2105,10
2106,10
2107,10
2109,10
2110,10
2111,10
2113,10
2114,10
2115,10
2116,10
2117,10
2118,10
2119,10
2120,10
2123,10
2124,10
2125,10
2126,10
2129,10
213,10
2131,10
2132,10
2134,10
2135,10
2136,10
2139,10
2140,10
2142,10
2149,10
215,10
2152,10
2154,10
2155,10
2156,10
2157,10
216,10
2160,10
2161,10
2162,10
2163,10
2166,10
2167,10
2168,10
2169,10
2170,10
2172,10
2175,10
2176,10
2177,10
218,10
2180,10
2181,10
2182,10
2183,10
2184,10
2186,10
2187,10
219,10
2191,10
2192,10
2196,10
2197,10
2199,10
22,10
220,10
2200,10
2201,10
2202,10
2203,10
2204,10
2205,10
2206,10
2207,10
2209,10
221,10
2210,10
2212,10
2213,10
2214,10
2217,10
2218,10
2219,10
222,10
2220,10
2222,10
2223,10
2224,10
2226,10
2227,10
2228,10
2230,10
2231,10
2232,10
2233,10
2234,10
2235,10
2236,10
2239,10
224,10
2240,10
2241,10
2244,10
2247,10
2248,10
2249,10
225,10
2250,10
2252,10
2253,10
2255,10
2257,10
2258,10
2259,10
226,10
2267,10
2270,10
2271,10
2273,10
2275,10
228,10
2281,10
2284,10
2286,10
2287,10
2288,10
2292,10
2293,10
2294,10
2296,10
2297,10
2298,10
2299,10
23,10
230,10
2300,10
2302,10
2307,10
2311,10
2312,10
2313,10
2316,10
2318,10
2319,10
2322,10
2323,10
2325,10
2326,10
2328,10
233,10
2330,10
2335,10
2336,10
2337,10
2338,10
2339,10
234,10
2340,10
2342,10
2343,10
2346,10
2347,10
2351,10
2352,10
2354,10
2356,10
236,10
2360,10
2361,10
2363,10
2364,10
2365,10
2367,10
237,10
2371,10
2373,10
2375,10
2379,10
2384,10
2387,10
2388,10
2391,10
2393,10
2394,10
2397,10
2398,10
2399,10
24,10
240,10
2401,10
2402,10
2406,10
2408,10
2409,10
2410,10
2412,10
2414,10
2417,10
2418,10
242,10
2420,10
2421,10
2424,10
2427,10
2428,10
2429,10
243,10
2430,10
2431,10
2435,10
2438,10
2439,10
244,10
2441,10
2442,10
2445,10
2449,10
2450,10
2451,10
2452,10
2454,10
2455,10
2456,10
2458,10
2460,10
2461,10
2462,10
2465,10
2466,10
2468,10
2470,10
2471,10
2472,10
2476,10
2478,10
2479,10
248,10
2481,10
2483,10
2485,10
2487,10
2488,10
2490,10
2491,10
2492,10
2493,10
2494,10
2497,10
2498,10
250,10
2502,10
2505,10
2506,10
2509,10
2511,10
2512,10
2514,10
2515,10
2516,10
2517,10
2518,10
252,10
2521,10
2524,10
2525,10
2526,10
2528,10
2529,10
2531,10
2532,10
2535,10
2537,10
254,10
2541,10
2542,10
2543,10
2544,10
2546,10
2547,10
2548,10
2549,10
255,10
2551,10
2554,10
2555,10
2556,10
2557,10
2558,10
2561,10
2562,10
2564,10
2568,10
2569,10
257,10
2570,10
2571,10
2573,10
2576,10
2579,10
2580,10
2581,10
2583,10
2585,10
2589,10
2590,10
2591,10
2595,10
2596,10
2597,10
2598,10
2599,10
26,10
260,10
2602,10
2607,10
2609,10
2610,10
2611,10
2612,10
2613,10
2614,10
2615,10
2616,10
2617,10
2618,10
2619,10
2620,10
2627,10
2629,10
2637,10
2638,10
2640,10
2641,10
2643,10
2646,10
2647,10
2648,10
265,10
2651,10
2654,10
2655,10
2656,10
2657,10
2658,10
2659,10
266,10
2661,10
2662,10
2664,10
2665,10
2666,10
267,10
2670,10
2671,10
2674,10
2675,10
2677,10
2678,10
2679,10
2680,10
2681,10
2682,10
2683,10
2687,10
2688,10
2689,10
269,10
2690,10
2694,10
2695,10
2696,10
2697,10
2698,10
27,10
2700,10
2701,10
2702,10
2707,10
2710,10
2711,10
2712,10
2713,10
2715,10
2717,10
2719,10
272,10
2721,10
2723,10
2725,10
2727,10
2728,10
2731,10
2732,10
2734,10
2735,10
2737,10
2738,10
274,10
2741,10
2742,10
2743,10
2748,10
2749,10
2751,10
2752,10
2753,10
2756,10
2757,10
2758,10
276,10
2760,10
2762,10
2764,10
2765,10
2766,10
2767,10
2769,10
277,10
2770,10
2772,10
2773,10
2777,10
278,10
2780,10
2781,10
2786,10
2788,10
2791,10
2792,10
2796,10
2797,10
2798,10
2799,10
28,10
280,10
2800,10
2801,10
2802,10
2805,10
2808,10
281,10
2812,10
2813,10
2814,10
2815,10
2819,10
282,10
2820,10
2821,10
2823,10
2827,10
2828,10
2829,10
2830,10
2831,10
2833,10
2834,10
2836,10
2837,10
2838,10
284,10
2840,10
2841,10
2842,10
2843,10
2845,10
285,10
2850,10
2851,10
2852,10
2853,10
2855,10
2857,10
2858,10
2859,10
2860,10
2861,10
2862,10
2865,10
2869,10
2870,10
2871,10
2873,10
2874,10
2878,10
2879,10
288,10
2881,10
2883,10
2884,10
2885,10
2886,10
2887,10
2888,10
2889,10
289,10
2890,10
2894,10
2895,10
2896,10
2898,10
29,10
2900,10
2902,10
2903,10
2906,10
2907,10
2908,10
291,10
2910,10
2914,10
2917,10
2918,10
2919,10
292,10
2920,10
2921,10
2924,10
2927,10
2928,10
293,10
2930,10
2931,10
2933,10
2936,10
2937,10
2939,10
294,10
2940,10
2942,10
2943,10
2944,10
2946,10
2948,10
2949,10
2950,10
2951,10
2953,10
2954,10
2956,10
2957,10
2959,10
2965,10
2966,10
2967,10
2969,10
297,10
2970,10
2971,10
2973,10
2975,10
2976,10
2979,10
2980,10
2982,10
2983,10
2984,10
2985,10
2986,10
2988,10
2989,10
299,10
2990,10
2991,10
2992,10
2993,10
2994,10
2995,10
2996,10
2998,10
2999,10
3,10
30,10
300,10
3000,10
3001,10
3002,10
3003,10
3004,10
3005,10
3006,10
3007,10
3008,10
301,10
3010,10
3011,10
3012,10
3014,10
3015,10
3016,10
3018,10
3019,10
3023,10
3024,10
3028,10
3029,10
303,10
3030,10
3031,10
3032,10
3033,10
3034,10
3035,10
3037,10
3038,10
3039,10
3040,10
3041,10
3042,10
3045,10
3048,10
3049,10
305,10
3050,10
3053,10
3054,10
3055,10
3056,10
3057,10
3059,10
306,10
3060,10
3063,10
3067,10
3069,10
3070,10
3071,10
3074,10
3075,10
308,10
3081,10
3082,10
3084,10
3085,10
3087,10
309,10
3093,10
3094,10
3096,10
3097,10
3098,10
3100,10
3101,10
3104,10
3105,10
3107,10
3108,10
3109,10
311,10
3110,10
3111,10
3113,10
3114,10
3115,10
3119,10
312,10
3120,10
3126,10
313,10
3130,10
3131,10
3132,10
3133,10
3135,10
3138,10
314,10
3140,10
3141,10
3142,10
3145,10
3146,10
3147,10
315,10
3150,10
3152,10
3153,10
3154,10
3159,10
3161,10
3163,10
3165,10
3166,10
3167,10
3168,10
3169,10
3170,10
3171,10
3172,10
3173,10
3174,10
3176,10
3178,10
3179,10
3180,10
3181,10
3183,10
3184,10
3186,10
3187,10
3189,10
3194,10
3195,10
3196,10
3198,10
3199,10
32,10
3200,10
3201,10
3204,10
3205,10
3207,10
3208,10
3209,10
3210,10
3212,10
3214,10
3215,10
3216,10
3217,10
3219,10
3220,10
3221,10
3222,10
3223,10
3224,10
323,10
3232,10
3234,10
3235,10
3236,10
3237,10
3238,10
324,10
3240,10
3241,10
3243,10
3245,10
3246,10
3247,10
3248,10
3249,10
325,10
3251,10
3253,10
3254,10
3256,10
3257,10
326,10
3262,10
3263,10
3266,10
3267,10
3270,10
3271,10
3276,10
3278,10
3279,10
328,10
3281,10
3283,10
3286,10
3287,10
3288,10
3290,10
3292,10
3293,10
3294,10
3295,10
3296,10
3297,10
3298,10
3299,10
33,10
330,10
3300,10
3301,10
3303,10
3305,10
3307,10
3308,10
331,10
3310,10
3311,10
3312,10
3313,10
332,10
3320,10
3321,10
3322,10
3324,10
3325,10
3326,10
3327,10
3329,10
333,10
3330,10
3331,10
3332,10
3333,10
3334,10
3335,10
3336,10
3340,10
3341,10
3343,10
3346,10
3348,10
3349,10
3350,10
3352,10
3354,10
3355,10
3356,10
3357,10
3363,10
3365,10
3366,10
3367,10
3368,10
3370,10
3371,10
3372,10
3373,10
3374,10
3375,10
3377,10
3378,10
3380,10
3383,10
3385,10
3386,10
3387,10
3388,10
3389,10
3390,10
3392,10
3393,10
3397,10
340,10
3403,10
3405,10
3407,10
3408,10
341,10
3412,10
3419,10
342,10
3420,10
3421,10
3422,10
3424,10
3425,10
3429,10
3432,10
3433,10
3434,10
3435,10
3436,10
3439,10
344,10
3440,10
3441,10
3442,10
3444,10
3447,10
3448,10
3450,10
3452,10
3454,10
3455,10
3456,10
3458,10
3461,10
3462,10
3465,10
3466,10
3467,10
3468,10
3471,10
3474,10
3477,10
3478,10
348,10
3480,10
3484,10
3486,10
3487,10
3489,10
349,10
3490,10
3491,10
3492,10
3495,10
3499,10
35,10
350,10
3503,10
3504,10
3507,10
3508,10
3509,10
3510,10
3511,10
3512,10
3513,10
3514,10
3515,10
3516,10
3519,10
352,10
3520,10
3521,10
3523,10
3524,10
3525,10
3530,10
3532,10
3533,10
3536,10
3537,10
3538,10
3539,10
354,10
3541,10
3542,10
3544,10
3545,10
3546,10
3548,10
3549,10
355,10
3550,10
3551,10
3552,10
3553,10
3559,10
356,10
3561,10
3564,10
3565,10
3567,10
3569,10
357,10
3572,10
3574,10
3575,10
3576,10
3577,10
3579,10
358,10
3581,10
3583,10
3585,10
3587,10
3589,10
3590,10
3596,10
3599,10
36,10
360,10
3600,10
3603,10
3604,10
3605,10
3607,10
3608,10
3609,10
361,10
3612,10
3614,10
362,10
3620,10
3623,10
3624,10
3625,10
3626,10
3627,10
363,10
3630,10
3631,10
3632,10
3633,10
3634,10
3637,10
3638,10
3640,10
3641,10
3642,10
3645,10
3647,10
365,10
3650,10
3651,10
3652,10
3653,10
3654,10
3655,10
3656,10
3659,10
3660,10
3661,10
3662,10
3669,10
3670,10
3674,10
3676,10
3678,10
3679,10
368,10
3683,10
3684,10
3686,10
3688,10
369,10
3690,10
3692,10
3694,10
3696,10
3697,10
3698,10
3699,10
3700,10
3702,10
3703,10
3704,10
3709,10
371,10
3710,10
3712,10
3713,10
3718,10
3720,10
3723,10
3724,10
3726,10
373,10
3731,10
3733,10
3740,10
3741,10
3742,10
3745,10
3746,10
3747,10
3748,10
3749,10
375,10
3750,10
3753,10
3754,10
3755,10
3759,10
376,10
3760,10
3761,10
3762,10
3763,10
3764,10
3765,10
3767,10
3768,10
3769,10
3770,10
3772,10
3775,10
3778,10
3779,10
3781,10
3782,10
3784,10
3785,10
3786,10
3787,10
3789,10
379,10
3790,10
3791,10
3792,10
3793,10
3794,10
3795,10
3798,10
38,10
380,10
3802,10
3804,10
3806,10
3810,10
3812,10
3813,10
3815,10
382,10
3821,10
3822,10
3823,10
3827,10
3828,10
3830,10
3831,10
3832,10
3833,10
3835,10
3836,10
3839,10
384,10
3840,10
3842,10
3844,10
3845,10
3846,10
3848,10
3849,10
3851,10
3852,10
3853,10
3854,10
3859,10
386,10
3861,10
3862,10
3864,10
3865,10
3866,10
3867,10
3869,10
3870,10
3871,10
3872,10
3873,10
3875,10
3877,10
3879,10
388,10
3881,10
3882,10
3883,10
3885,10
3886,10
3887,10
3892,10
3893,10
3896,10
3898,10
3899,10
3900,10
3901,10
3903,10
3904,10
3905,10
3906,10
3907,10
391,10
3910,10
3911,10
3913,10
3914,10
3915,10
3917,10
3918,10
3921,10
3922,10
3924,10
3925,10
393,10
3931,10
3933,10
3936,10
3937,10
3939,10
3942,10
3944,10
3945,10
3946,10
3947,10
3953,10
3954,10
3956,10
3957,10
3958,10
396,10
3963,10
3965,10
3967,10
3968,10
3969,10
397,10
3971,10
3972,10
3973,10
3975,10
3976,10
398,10
3981,10
3982,10
3984,10
3985,10
3986,10
3987,10
3989,10
399,10
3992,10
3993,10
3994,10
3996,10
3997,10
3998,10
3999,10
4000,10
4003,10
4005,10
4006,10
4008,10
4009,10
401,10
4010,10
4011,10
4015,10
4016,10
4019,10
402,10
4020,10
4021,10
403,10
4032,10
4034,10
4036,10
4037,10
4038,10
404,10
4042,10
4043,10
4045,10
4046,10
4047,10
4048,10
4049,10
4051,10
4052,10
4053,10
4055,10
4057,10
4058,10
4059,10
406,10
4060,10
4063,10
4065,10
4066,10
4067,10
4068,10
4069,10
407,10
4070,10
4071,10
4072,10
4074,10
4075,10
4078,10
4080,10
4081,10
4084,10
4086,10
4088,10
409,10
4093,10
4095,10
4096,10
4097,10
4099,10
41,10
410,10
4100,10
4104,10
4105,10
4106,10
4108,10
4109,10
411,10
4110,10
4112,10
4113,10
4114,10
4115,10
4116,10
4117,10
4118,10
4119,10
412,10
4120,10
4121,10
4123,10
4125,10
4126,10
4127,10
4129,10
413,10
4130,10
4132,10
4134,10
4135,10
4136,10
4137,10
4139,10
414,10
4140,10
4141,10
4144,10
4145,10
4146,10
4147,10
4148,10
4149,10
415,10
4151,10
4152,10
4157,10
4158,10
4159,10
4160,10
4162,10
4163,10
4165,10
4166,10
4167,10
4168,10
417,10
4170,10
4171,10
4172,10
4173,10
4174,10
4176,10
4178,10
4179,10
4180,10
4181,10
4185,10
4187,10
4189,10
4191,10
4192,10
4194,10
4195,10
4196,10
4201,10
4203,10
4204,10
4205,10
4206,10
4207,10
4208,10
4209,10
4212,10
4213,10
4215,10
4217,10
4218,10
4219,10
4220,10
4222,10
4223,10
4224,10
4226,10
4227,10
4228,10
423,10
4230,10
4231,10
4232,10
4233,10
4234,10
4236,10
4237,10
4238,10
4239,10
4240,10
4241,10
4244,10
4246,10
4247,10
4249,10
425,10
4250,10
4251,10
4253,10
4254,10
4258,10
4259,10
4261,10
4263,10
4264,10
4265,10
4267,10
427,10
4271,10
4273,10
4275,10
4276,10
4277,10
4283,10
4284,10
4287,10
4289,10
429,10
4290,10
4292,10
4296,10
43,10
430,10
4303,10
4305,10
4307,10
4308,10
4309,10
4316,10
4318,10
4319,10
4321,10
4324,10
4327,10
4328,10
4329,10
4333,10
4335,10
4336,10
4337,10
4338,10
4341,10
4345,10
4346,10
4348,10
4349,10
4352,10
4353,10
4354,10
4355,10
4358,10
4360,10
4361,10
4362,10
4364,10
4365,10
4366,10
4367,10
4368,10
437,10
4370,10
4371,10
4372,10
4373,10
4375,10
4377,10
4378,10
4379,10
4380,10
4381,10
4383,10
4384,10
4386,10
4387,10
4389,10
4391,10
4393,10
4395,10
4399,10
44,10
440,10
4400,10
4401,10
4403,10
4405,10
4407,10
4408,10
441,10
4410,10
4413,10
4414,10
4415,10
4417,10
442,10
4420,10
4422,10
4424,10
4426,10
4427,10
4429,10
443,10
4431,10
4432,10
4433,10
4435,10
4436,10
4438,10
4441,10
4445,10
4446,10
445,10
4450,10
4451,10
4452,10
4453,10
4454,10
4455,10
4456,10
4457,10
4458,10
4459,10
446,10
4460,10
4461,10
4462,10
4467,10
4469,10
4470,10
4471,10
4472,10
4473,10
4474,10
4475,10
4476,10
4477,10
4478,10
4479,10
4481,10
4484,10
4486,10
4487,10
4489,10
4490,10
4491,10
4492,10
4494,10
4496,10
4497,10
4498,10
4499,10
45,10
4500,10
4503,10
4504,10
4506,10
4507,10
4509,10
451,10
4511,10
4512,10
4516,10
4517,10
4518,10
452,10
4520,10
4522,10
4523,10
4525,10
4527,10
4528,10
4530,10
4532,10
4536,10
4538,10
4539,10
454,10
4541,10
4543,10
4544,10
4547,10
4548,10
4549,10
4553,10
4554,10
4556,10
4558,10
4560,10
4561,10
4562,10
4564,10
4566,10
4569,10
457,10
4570,10
4572,10
4574,10
4575,10
4576,10
4578,10
4579,10
4580,10
4582,10
4583,10
4584,10
4588,10
459,10
4591,10
4594,10
4595,10
4597,10
4598,10
4599,10
46,10
4601,10
4603,10
4604,10
4606,10
4608,10
461,10
4610,10
4613,10
4614,10
4615,10
4616,10
4617,10
4620,10
4623,10
4624,10
4625,10
4627,10
4628,10
4631,10
4633,10
4634,10
4635,10
4636,10
4638,10
464,10
4641,10
4642,10
4646,10
4649,10
465,10
4650,10
4651,10
4652,10
4655,10
4658,10
466,10
4660,10
4661,10
4662,10
4665,10
4667,10
467,10
4672,10
4675,10
4677,10
4678,10
4680,10
4681,10
4683,10
4686,10
4688,10
4689,10
4692,10
4694,10
4696,10
4697,10
4699,10
470,10
4702,10
4703,10
4706,10
4708,10
4709,10
471,10
4713,10
4714,10
4717,10
4718,10
472,10
4720,10
4722,10
4723,10
4724,10
4725,10
4730,10
4731,10
4732,10
4733,10
4734,10
4736,10
4737,10
4741,10
4742,10
4743,10
4744,10
4745,10
4746,10
4748,10
4749,10
4750,10
4751,10
4753,10
4754,10
4755,10
4756,10
4757,10
4758,10
4759,10
476,10
4763,10
4764,10
4765,10
4766,10
4770,10
4771,10
4773,10
4775,10
4776,10
4777,10
4778,10
478,10
4780,10
4781,10
4782,10
4785,10
4788,10
479,10
4790,10
4791,10
4792,10
4794,10
4796,10
4799,10
48,10
4800,10
4801,10
4802,10
4803,10
4806,10
481,10
4810,10
4812,10
4813,10
4815,10
4816,10
4818,10
4821,10
4822,10
4823,10
4829,10
4830,10
4832,10
4833,10
4834,10
4835,10
4836,10
4837,10
484,10
4842,10
4846,10
4847,10
4848,10
4849,10
4852,10
4854,10
4855,10
4856,10
4858,10
486,10
4861,10
4862,10
4863,10
4864,10
4865,10
4866,10
4868,10
4869,10
4870,10
4871,10
4872,10
4874,10
4875,10
4876,10
488,10
4880,10
4882,10
4886,10
4888,10
4889,10
489,10
4890,10
4892,10
4894,10
4899,10
49,10
4901,10
4902,10
4904,10
4905,10
4908,10
4910,10
4911,10
4912,10
4913,10
4915,10
4916,10
4917,10
4921,10
4925,10
4927,10
4928,10
4929,10
4930,10
4934,10
4935,10
4937,10
4938,10
494,10
4940,10
4942,10
4946,10
4947,10
4948,10
495,10
4952,10
4954,10
4955,10
4957,10
4958,10
4960,10
4961,10
4963,10
4966,10
4967,10
4969,10
497,10
4970,10
4971,10
4972,10
4974,10
4975,10
4977,10
4978,10
498,10
4980,10
4981,10
4983,10
4984,10
4985,10
4986,10
4987,10
4988,10
4989,10
499,10
4990,10
4991,10
4992,10
4993,10
4994,10
4995,10
4996,10
4997,10
4998,10
4999,10
5,10
50,10
500,10
5000,10
5002,10
5003,10
5004,10
5005,10
5006,10
5007,10
5010,10
5012,10
5013,10
5014,10
5015,10
5017,10
502,10
5021,10
5024,10
5025,10
5026,10
5029,10
503,10
5030,10
5032,10
5038,10
5039,10
504,10
5040,10
5043,10
5045,10
5046,10
5047,10
5049,10
505,10
5051,10
5052,10
5054,10
5055,10
5056,10
5058,10
5059,10
506,10
5060,10
5062,10
5064,10
5066,10
5067,10
5068,10
5069,10
507,10
5071,10
5074,10
5075,10
5076,10
5078,10
5079,10
5081,10
5084,10
5086,10
5087,10
5090,10
5091,10
5092,10
5094,10
5095,10
5096,10
5097,10
5099,10
51,10
510,10
5100,10
5102,10
5103,10
5105,10
5106,10
5107,10
5108,10
5109,10
511,10
5110,10
5111,10
5112,10
5113,10
5115,10
5116,10
5117,10
512,10
5120,10
5121,10
5126,10
5127,10
5129,10
513,10
5130,10
5131,10
5134,10
5136,10
5137,10
5138,10
5139,10
514,10
5140,10
5141,10
5142,10
5143,10
5145,10
5146,10
5147,10
5148,10
5149,10
515,10
5151,10
5155,10
5156,10
5157,10
5158,10
516,10
5160,10
5162,10
5164,10
5165,10
5166,10
5167,10
517,10
5170,10
5171,10
5172,10
5173,10
5177,10
5178,10
5180,10
5181,10
5185,10
5186,10
5187,10
5188,10
519,10
5191,10
5192,10
5193,10
5195,10
5196,10
52,10
520,10
5200,10
5201,10
5203,10
5205,10
5206,10
5207,10
5208,10
5209,10
521,10
5210,10
5211,10
5212,10
5213,10
5215,10
5217,10
5218,10
5219,10
5220,10
5221,10
5223,10
5224,10
5225,10
5226,10
5229,10
5230,10
5231,10
5233,10
5234,10
5235,10
5237,10
524,10
5240,10
5242,10
5243,10
5244,10
5245,10
5249,10
5250,10
5251,10
5252,10
5253,10
5254,10
5255,10
5257,10
5258,10
526,10
5260,10
5261,10
5262,10
5263,10
5264,10
5267,10
5268,10
5269,10
527,10
5271,10
5274,10
5275,10
5276,10
5278,10
528,10
5280,10
5281,10
5283,10
5284,10
5285,10
5286,10
5289,10
5290,10
5292,10
5293,10
5294,10
5295,10
5296,10
5298,10
5301,10
5303,10
5304,10
5306,10
531,10
5311,10
5313,10
5315,10
5316,10
5317,10
5318,10
5319,10
532,10
5320,10
5321,10
5322,10
5323,10
5325,10
5326,10
5327,10
5328,10
5329,10
5330,10
5331,10
5332,10
5333,10
5335,10
5336,10
5338,10
5340,10
5342,10
5343,10
5344,10
5345,10
5346,10
5347,10
5348,10
535,10
5351,10
5352,10
5354,10
5355,10
5356,10
5360,10
5361,10
5364,10
5365,10
5366,10
5367,10
5368,10
5370,10
5372,10
5373,10
5374,10
5375,10
5377,10
5378,10
538,10
5380,10
5382,10
5385,10
5386,10
5390,10
5394,10
5395,10
5396,10
5399,10
54,10
5401,10
5402,10
5404,10
5406,10
5409,10
5410,10
5411,10
5412,10
5413,10
5414,10
5418,10
5419,10
5421,10
5423,10
5424,10
5426,10
5427,10
5428,10
5429,10
5431,10
5433,10
5439,10
5440,10
5442,10
5443,10
5444,10
5446,10
5447,10
5448,10
5449,10
5451,10
5452,10
5453,10
5455,10
5457,10
5458,10
5459,10
546,10
5460,10
5461,10
5462,10
5465,10
5466,10
5468,10
5469,10
5470,10
5471,10
5474,10
5479,10
548,10
5482,10
5483,10
5484,10
5485,10
5487,10
5488,10
5491,10
5493,10
5494,10
5497,10
5498,10
550,10
5502,10
5503,10
5506,10
5509,10
551,10
5510,10
5511,10
5512,10
5513,10
5516,10
5517,10
5519,10
5521,10
5523,10
5525,10
5526,10
5528,10
553,10
5530,10
5532,10
5533,10
5534,10
5535,10
5536,10
5539,10
554,10
5540,10
5542,10
5544,10
5545,10
5546,10
5548,10
5549,10
5550,10
5552,10
5554,10
5555,10
5557,10
5558,10
5563,10
5566,10
5568,10
5570,10
5575,10
5579,10
5581,10
5582,10
5585,10
5586,10
5587,10
5589,10
5590,10
5592,10
5593,10
5594,10
5595,10
5596,10
5597,10
56,10
560,10
5600,10
5601,10
5602,10
5603,10
5604,10
5605,10
5606,10
5607,10
5608,10
5609,10
561,10
5610,10
5611,10
5612,10
5613,10
5615,10
5616,10
5620,10
5624,10
5628,10
5629,10
5631,10
5635,10
5638,10
5639,10
564,10
5640,10
5641,10
5642,10
5643,10
5645,10
5650,10
5651,10
5652,10
5657,10
5658,10
5659,10
5661,10
5662,10
5664,10
5666,10
5668,10
567,10
5671,10
5672,10
5673,10
5674,10
5675,10
5678,10
5679,10
5680,10
5681,10
5682,10
5683,10
5685,10
5686,10
5687,10
5688,10
5689,10
569,10
5691,10
5692,10
57,10
5701,10
5702,10
5705,10
5707,10
5708,10
5711,10
5713,10
5714,10
5715,10
5720,10
5724,10
5725,10
5726,10
5728,10
5729,10
573,10
5730,10
5731,10
5733,10
5734,10
5735,10
5736,10
574,10
5740,10
5743,10
5744,10
5745,10
5746,10
5748,10
5753,10
5754,10
5755,10
5756,10
5757,10
5759,10
576,10
5761,10
5762,10
5764,10
5765,10
5766,10
5768,10
577,10
5771,10
5772,10
5773,10
5774,10
5775,10
5776,10
5777,10
5778,10
5779,10
578,10
5782,10
5785,10
5786,10
5788,10
579,10
5791,10
5792,10
5793,10
5798,10
5799,10
58,10
5802,10
5803,10
5805,10
5806,10
5807,10
5808,10
581,10
5810,10
5811,10
5813,10
5815,10
5816,10
5817,10
5818,10
5819,10
5821,10
5822,10
5823,10
5824,10
5825,10
5826,10
5829,10
583,10
5832,10
5833,10
5834,10
5835,10
5837,10
5838,10
584,10
5841,10
5843,10
5844,10
5846,10
5847,10
5848,10
5849,10
585,10
5850,10
5851,10
5852,10
5853,10
5854,10
5857,10
5859,10
5865,10
5868,10
5869,10
587,10
5872,10
5874,10
5876,10
5877,10
5879,10
5882,10
5884,10
5886,10
5888,10
5889,10
5890,10
5891,10
5892,10
5893,10
5894,10
5895,10
5899,10
5901,10
5906,10
5907,10
5908,10
5909,10
591,10
5910,10
5911,10
5912,10
5913,10
5914,10
5915,10
5916,10
5917,10
5918,10
5919,10
592,10
5920,10
5922,10
5926,10
5928,10
5929,10
5930,10
5931,10
5934,10
5935,10
5936,10
5938,10
5939,10
594,10
5941,10
5942,10
5943,10
5944,10
5946,10
5947,10
595,10
5951,10
5952,10
5954,10
5956,10
5957,10
5958,10
5960,10
5965,10
5968,10
5969,10
597,10
5970,10
5971,10
5974,10
5975,10
598,10
5980,10
5982,10
5984,10
5987,10
5989,10
5990,10
5991,10
5992,10
5994,10
5996,10
5998,10
60,10
6001,10
6004,10
6005,10
6006,10
6007,10
6008,10
6009,10
6011,10
6014,10
6015,10
6016,10
6018,10
6020,10
6021,10
6022,10
6023,10
6024,10
6026,10
6027,10
6029,10
603,10
6030,10
6033,10
6034,10
6037,10
6041,10
6042,10
6043,10
6044,10
6045,10
6046,10
6048,10
6050,10
6052,10
6054,10
6057,10
6059,10
606,10
6061,10
6062,10
6063,10
6064,10
6065,10
6066,10
6067,10
6068,10
6071,10
6072,10
6073,10
6074,10
6075,10
6076,10
6077,10
6078,10
6079,10
608,10
6081,10
6082,10
6084,10
6085,10
6086,10
6087,10
6088,10
6089,10
6092,10
6096,10
6098,10
61,10
6100,10
6102,10
6103,10
6104,10
6105,10
6106,10
6107,10
6108,10
6109,10
6110,10
6111,10
6112,10
6113,10
6114,10
6116,10
6119,10
612,10
6120,10
6122,10
6123,10
6125,10
6127,10
6128,10
6131,10
6134,10
6135,10
6136,10
6137,10
6138,10
6139,10
6141,10
6143,10
6144,10
6145,10
6146,10
6147,10
6149,10
6150,10
6151,10
6152,10
6153,10
6154,10
6156,10
6157,10
6158,10
6159,10
616,10
6160,10
6161,10
6162,10
6163,10
6166,10
6167,10
6168,10
617,10
6170,10
6174,10
6178,10
6179,10
6180,10
6181,10
6183,10
6186,10
6187,10
6189,10
619,10
6191,10
6193,10
6194,10
6195,10
6196,10
6197,10
6198,10
6199,10
6200,10
6201,10
6202,10
6203,10
6204,10
6206,10
6207,10
6208,10
6209,10
621,10
6212,10
6214,10
6217,10
622,10
6221,10
6222,10
6223,10
6225,10
6227,10
6231,10
6232,10
6234,10
6237,10
6238,10
6240,10
6241,10
6242,10
6245,10
625,10
6251,10
6253,10
6254,10
626,10
6261,10
6263,10
6264,10
6265,10
6266,10
6267,10
6268,10
6269,10
627,10
6270,10
6273,10
6275,10
6278,10
6279,10
6280,10
6281,10
6283,10
6286,10
6289,10
629,10
6290,10
6293,10
6294,10
6297,10
6299,10
63,10
630,10
6300,10
6301,10
6303,10
6304,10
6308,10
631,10
6310,10
6311,10
6314,10
6316,10
6319,10
6320,10
6321,10
6324,10
6325,10
6326,10
6327,10
6328,10
6329,10
6330,10
6331,10
6332,10
6335,10
6336,10
6337,10
6338,10
6339,10
6340,10
6345,10
6346,10
6347,10
6349,10
6350,10
6352,10
6359,10
6360,10
6362,10
6366,10
637,10
6373,10
6375,10
6376,10
6382,10
6383,10
6385,10
6386,10
6388,10
6389,10
639,10
6392,10
6393,10
6394,10
6396,10
6399,10
64,10
6403,10
6404,10
6405,10
6406,10
6407,10
641,10
6410,10
6411,10
6413,10
6414,10
6416,10
6417,10
642,10
6420,10
6422,10
6423,10
6424,10
6425,10
6427,10
6428,10
6429,10
6431,10
6432,10
6433,10
6434,10
6438,10
6439,10
6440,10
6445,10
6446,10
6448,10
6450,10
6452,10
6453,10
6455,10
6458,10
6459,10
646,10
6462,10
6464,10
6466,10
6467,10
6468,10
647,10
6472,10
6474,10
6475,10
6476,10
6479,10
648,10
6480,10
6482,10
6483,10
6484,10
6485,10
6486,10
6487,10
6488,10
6490,10
6492,10
6494,10
6496,10
6499,10
650,10
6502,10
6503,10
6505,10
6506,10
6507,10
6508,10
6509,10
651,10
6510,10
6511,10
6512,10
6513,10
6514,10
6515,10
6517,10
6518,10
6519,10
6521,10
6522,10
6523,10
6526,10
6527,10
6528,10
6529,10
653,10
6530,10
6532,10
6533,10
6534,10
6535,10
6536,10
654,10
6541,10
6542,10
6543,10
6544,10
6545,10
6546,10
6547,10
6548,10
6549,10
655,10
6550,10
6552,10
6553,10
6556,10
6558,10
656,10
6561,10
6562,10
6563,10
6564,10
6565,10
6566,10
6567,10
657,10
6574,10
6576,10
6579,10
658,10
6580,10
6581,10
6582,10
6583,10
6584,10
6589,10
659,10
6591,10
6592,10
6593,10
6595,10
6596,10
6598,10
6601,10
6602,10
6603,10
6607,10
6608,10
6609,10
6611,10
6614,10
6616,10
6617,10
6618,10
6619,10
6620,10
6622,10
6623,10
6625,10
6627,10
6628,10
663,10
6630,10
6632,10
6633,10
6634,10
6636,10
6638,10
664,10
6640,10
6641,10
6643,10
6646,10
6649,10
6650,10
6651,10
6654,10
6655,10
6656,10
6657,10
6659,10
6660,10
6661,10
6666,10
6668,10
667,10
6670,10
6671,10
6672,10
6674,10
6681,10
6682,10
6683,10
6684,10
6685,10
6686,10
6689,10
6690,10
6692,10
6693,10
6695,10
6696,10
6697,10
670,10
6700,10
6701,10
6703,10
6704,10
6706,10
6709,10
671,10
6711,10
6714,10
6716,10
6717,10
6718,10
6719,10
672,10
6721,10
6722,10
6723,10
6724,10
6725,10
6727,10
6728,10
6730,10
6731,10
6732,10
6733,10
6735,10
6736,10
6739,10
6740,10
6744,10
6746,10
6747,10
6748,10
6749,10
6750,10
6754,10
6756,10
6757,10
6758,10
6759,10
676,10
6761,10
6762,10
6763,10
6764,10
6765,10
6766,10
6768,10
6769,10
677,10
6770,10
6771,10
6772,10
6773,10
6774,10
6777,10
6779,10
6784,10
6785,10
6787,10
6789,10
679,10
6790,10
6791,10
6792,10
6794,10
6795,10
6798,10
68,10
6800,10
6801,10
6802,10
6803,10
6804,10
6805,10
6807,10
6809,10
681,10
6811,10
6814,10
6816,10
6817,10
6818,10
682,10
6822,10
6823,10
6825,10
6826,10
6827,10
6828,10
683,10
6830,10
6831,10
6832,10
6833,10
6835,10
6836,10
6838,10
6839,10
684,10
6840,10
6841,10
6845,10
6848,10
6849,10
6852,10
6855,10
6857,10
6859,10
6860,10
6861,10
6862,10
6863,10
6864,10
6866,10
6867,10
6868,10
6870,10
6871,10
6872,10
6873,10
6876,10
6877,10
6878,10
688,10
6884,10
6886,10
6887,10
6888,10
6889,10
689,10
6890,10
6891,10
6893,10
6894,10
6895,10
6897,10
6898,10
6899,10
6901,10
6906,10
6907,10
6908,10
6909,10
691,10
6910,10
6912,10
6913,10
6917,10
6918,10
692,10
6920,10
6922,10
6923,10
6924,10
6925,10
6926,10
6928,10
6929,10
693,10
6930,10
6931,10
6932,10
6933,10
6934,10
6937,10
6938,10
6939,10
6942,10
6943,10
6945,10
6946,10
6947,10
6948,10
6949,10
695,10
6950,10
6951,10
6954,10
6957,10
6958,10
6961,10
6963,10
6965,10
6967,10
6968,10
6969,10
6970,10
6971,10
6972,10
6973,10
6978,10
698,10
6981,10
6983,10
6985,10
6986,10
6987,10
6988,10
6992,10
6993,10
6994,10
6996,10
6997,10
6999,10
7,10
70,10
7000,10
7001,10
7003,10
7006,10
7007,10
7008,10
701,10
7010,10
7011,10
7012,10
7013,10
7014,10
7015,10
7017,10
7018,10
702,10
7022,10
7023,10
7024,10
7028,10
703,10
7030,10
7032,10
7033,10
7034,10
7035,10
7038,10
7039,10
704,10
7042,10
7043,10
7044,10
7045,10
7046,10
7048,10
7049,10
705,10
7053,10
7054,10
7055,10
7057,10
7058,10
7059,10
706,10
7064,10
7065,10
7066,10
7067,10
7068,10
7069,10
7071,10
7072,10
7073,10
7074,10
7076,10
7080,10
7082,10
7084,10
7085,10
7087,10
7088,10
7089,10
7091,10
7092,10
7094,10
7095,10
7096,10
7097,10
7098,10
7099,10
710,10
7101,10
7102,10
7103,10
7104,10
7106,10
7107,10
7108,10
7109,10
711,10
7110,10
7111,10
7112,10
7114,10
7115,10
7120,10
7121,10
7123,10
7126,10
7129,10
713,10
7132,10
7133,10
7134,10
7135,10
7137,10
7138,10
7139,10
7144,10
7145,10
7146,10
7147,10
7148,10
7149,10
715,10
7152,10
7154,10
7155,10
7157,10
7159,10
7160,10
7161,10
7162,10
7170,10
7171,10
7172,10
7173,10
7174,10
7179,10
718,10
7181,10
7182,10
7183,10
7184,10
7185,10
7186,10
7188,10
719,10
7190,10
7193,10
7194,10
7195,10
7197,10
7199,10
720,10
7200,10
7202,10
7203,10
7206,10
7207,10
7208,10
721,10
7210,10
7211,10
7212,10
7213,10
7215,10
7216,10
7218,10
7219,10
7221,10
7222,10
7223,10
7226,10
7227,10
7228,10
7230,10
7231,10
7235,10
7240,10
7242,10
7243,10
7244,10
7246,10
7247,10
7248,10
7249,10
725,10
7251,10
7253,10
7254,10
7256,10
7257,10
7258,10
7259,10
7260,10
7261,10
7263,10
7264,10
7265,10
7266,10
7267,10
7268,10
7269,10
727,10
7271,10
7272,10
7275,10
7276,10
7278,10
7279,10
728,10
7280,10
7285,10
7286,10
7287,10
7288,10
7291,10
7293,10
7294,10
7295,10
7296,10
7297,10
7298,10
7299,10
730,10
7300,10
7302,10
7303,10
7304,10
7305,10
7307,10
7309,10
731,10
7311,10
7313,10
7315,10
7316,10
7317,10
7319,10
732,10
7321,10
7322,10
7324,10
7325,10
7326,10
7327,10
7329,10
733,10
7332,10
7334,10
7338,10
7339,10
734,10
7341,10
7342,10
7345,10
7346,10
7349,10
7350,10
7351,10
7355,10
7356,10
7357,10
7358,10
7359,10
736,10
7363,10
7365,10
7368,10
7369,10
7371,10
7373,10
7375,10
7376,10
7378,10
7379,10
738,10
7382,10
7383,10
7386,10
7388,10
7389,10
739,10
7390,10
7391,10
7392,10
7395,10
7398,10
74,10
740,10
7401,10
7402,10
7405,10
7407,10
7408,10
7409,10
741,10
7410,10
7411,10
7412,10
7413,10
7416,10
7417,10
7421,10
7423,10
7425,10
7427,10
7428,10
7429,10
7430,10
7431,10
7432,10
7434,10
7435,10
7436,10
7437,10
7438,10
744,10
7440,10
7441,10
7444,10
7445,10
7447,10
7448,10
7450,10
7453,10
7454,10
7455,10
7457,10
7459,10
746,10
7461,10
7462,10
7464,10
7465,10
7466,10
7468,10
7470,10
7471,10
7472,10
748,10
7481,10
7482,10
7487,10
7488,10
749,10
7490,10
7491,10
7493,10
7494,10
7496,10
7497,10
75,10
750,10
7502,10
7503,10
7506,10
7508,10
7509,10
751,10
7512,10
7514,10
7515,10
7518,10
7519,10
7524,10
7526,10
7527,10
7529,10
753,10
7531,10
7532,10
7534,10
7538,10
7540,10
7545,10
7547,10
7549,10
755,10
7552,10
7555,10
7559,10
756,10
7561,10
7566,10
7570,10
7573,10
7574,10
7575,10
7576,10
7578,10
7579,10
7583,10
7585,10
7587,10
759,10
7590,10
7591,10
7593,10
7594,10
7596,10
7597,10
760,10
7601,10
7603,10
7604,10
7605,10
7606,10
7607,10
7608,10
7610,10
7611,10
7613,10
7614,10
7616,10
7617,10
7618,10
7619,10
7620,10
7621,10
7623,10
7624,10
7628,10
7630,10
7634,10
7635,10
7636,10
7642,10
7646,10
7647,10
7649,10
7650,10
7652,10
7655,10
7657,10
7658,10
7659,10
766,10
7662,10
7669,10
7670,10
7673,10
7675,10
7677,10
7678,10
7679,10
768,10
7680,10
7681,10
7682,10
7684,10
7686,10
7687,10
7688,10
7689,10
769,10
7692,10
7694,10
7695,10
7697,10
7701,10
7702,10
7703,10
7704,10
7707,10
7708,10
771,10
7711,10
7714,10
7715,10
7717,10
7718,10
772,10
7721,10
7722,10
7723,10
7727,10
7729,10
773,10
7732,10
7734,10
7735,10
7736,10
7738,10
7739,10
774,10
7740,10
7741,10
7743,10
7744,10
7746,10
7748,10
7749,10
7753,10
7757,10
776,10
7761,10
7763,10
7765,10
7769,10
777,10
7770,10
7774,10
7776,10
7777,10
7779,10
778,10
7781,10
7783,10
7784,10
7785,10
7786,10
7787,10
7789,10
7790,10
7791,10
7792,10
7793,10
7795,10
7797,10
7799,10
78,10
7801,10
7802,10
7805,10
7807,10
7808,10
7809,10
7810,10
7812,10
7814,10
7815,10
7816,10
7819,10
7820,10
7822,10
7823,10
7824,10
7826,10
7828,10
7829,10
783,10
7830,10
7832,10
7833,10
7836,10
7837,10
7838,10
784,10
7841,10
7842,10
7847,10
7848,10
785,10
7851,10
7852,10
7856,10
7858,10
7859,10
7860,10
7861,10
7862,10
7863,10
7866,10
7867,10
7868,10
7871,10
7872,10
7875,10
7877,10
7879,10
7880,10
7882,10
7883,10
7884,10
7886,10
7887,10
7888,10
7889,10
7890,10
7891,10
7892,10
7893,10
7894,10
7895,10
7898,10
7899,10
79,10
790,10
7902,10
7903,10
7904,10
7905,10
7906,10
7907,10
7909,10
791,10
7911,10
7912,10
7913,10
7917,10
7918,10
7919,10
792,10
7921,10
7923,10
7925,10
7926,10
7928,10
7930,10
7931,10
7934,10
7935,10
7936,10
7937,10
7938,10
794,10
7940,10
7941,10
7944,10
7945,10
7949,10
795,10
7953,10
7954,10
7956,10
7958,10
796,10
7960,10
7961,10
7964,10
7965,10
7967,10
7968,10
797,10
7970,10
7971,10
7972,10
7973,10
7981,10
7983,10
7984,10
7985,10
7986,10
7987,10
7988,10
799,10
7994,10
7996,10
7999,10
80,10
800,10
8000,10
8001,10
8002,10
8004,10
8005,10
8006,10
8007,10
8008,10
8009,10
8010,10
8012,10
8013,10
8014,10
8015,10
8016,10
8017,10
802,10
8020,10
8023,10
8025,10
8026,10
8027,10
803,10
8030,10
8032,10
8033,10
8034,10
8035,10
8038,10
8039,10
804,10
8040,10
8041,10
8042,10
8044,10
8047,10
8048,10
8049,10
805,10
8050,10
8053,10
8055,10
8056,10
8057,10
8058,10
8060,10
8061,10
8063,10
8064,10
8067,10
8068,10
8070,10
8073,10
8076,10
8077,10
8078,10
8079,10
808,10
8080,10
8081,10
8083,10
8084,10
8086,10
8087,10
8089,10
8090,10
8091,10
8093,10
8094,10
8095,10
8096,10
8099,10
8101,10
8102,10
8105,10
8106,10
8107,10
8110,10
8112,10
8115,10
8116,10
8117,10
8118,10
8119,10
8120,10
8121,10
8122,10
8123,10
8124,10
8126,10
8127,10
8128,10
8130,10
8131,10
8132,10
8133,10
8134,10
8136,10
8137,10
8138,10
8140,10
8141,10
8143,10
8147,10
8149,10
8150,10
8151,10
8154,10
8155,10
8156,10
8158,10
8160,10
8168,10
817,10
8173,10
8176,10
8177,10
8178,10
818,10
8180,10
8181,10
8182,10
8186,10
8189,10
819,10
8193,10
8194,10
8195,10
8198,10
8199,10
820,10
8201,10
8202,10
8203,10
8204,10
8205,10
8208,10
8210,10
8211,10
8212,10
8214,10
8215,10
8217,10
8219,10
822,10
8220,10
8221,10
8223,10
8224,10
8225,10
8227,10
8228,10
8229,10
823,10
8231,10
8233,10
8234,10
8235,10
8237,10
8238,10
8240,10
8241,10
8242,10
8244,10
8245,10
8246,10
8247,10
8248,10
8249,10
825,10
8250,10
8251,10
8252,10
8253,10
8254,10
8256,10
8258,10
8259,10
826,10
8260,10
8262,10
8264,10
8265,10
8266,10
8268,10
8271,10
8274,10
8276,10
8277,10
8281,10
8282,10
8284,10
8287,10
8288,10
8291,10
8292,10
8293,10
8294,10
8295,10
8296,10
8297,10
830,10
8300,10
8301,10
8302,10
8306,10
831,10
8312,10
8313,10
8314,10
8315,10
8317,10
8318,10
832,10
8322,10
8323,10
8324,10
8325,10
8326,10
8327,10
8328,10
8332,10
8336,10
8338,10
834,10
8342,10
8343,10
8344,10
8346,10
8347,10
8348,10
835,10
8351,10
8352,10
8353,10
8357,10
8358,10
8359,10
8361,10
8362,10
8363,10
8364,10
8365,10
8366,10
837,10
8370,10
8371,10
8376,10
8378,10
8379,10
838,10
8381,10
8382,10
8383,10
8385,10
8388,10
839,10
8390,10
8394,10
8395,10
8397,10
8399,10
84,10
840,10
8402,10
8403,10
8404,10
8407,10
8408,10
8409,10
841,10
8410,10
8412,10
8415,10
842,10
8420,10
8421,10
8422,10
8423,10
8425,10
8426,10
8430,10
8431,10
8433,10
8435,10
8436,10
8437,10
8438,10
8439,10
844,10
8441,10
8443,10
8444,10
8445,10
8446,10
8447,10
8448,10
845,10
8450,10
8451,10
8455,10
8457,10
8458,10
8459,10
8461,10
8463,10
8465,10
8466,10
8467,10
8470,10
8471,10
8473,10
8476,10
8479,10
848,10
8480,10
8484,10
8486,10
8488,10
8489,10
849,10
8490,10
8491,10
8493,10
8494,10
8497,10
8498,10
85,10
850,10
8502,10
8503,10
8504,10
8505,10
8507,10
8508,10
8509,10
851,10
8510,10
8511,10
8513,10
8514,10
8515,10
8517,10
8518,10
8519,10
8520,10
8521,10
8522,10
8523,10
8526,10
8527,10
8528,10
8529,10
8530,10
8531,10
8533,10
8534,10
8537,10
8539,10
8541,10
8545,10
8548,10
8550,10
8551,10
8553,10
8554,10
8556,10
8558,10
8559,10
856,10
8560,10
8561,10
8562,10
8563,10
8568,10
8569,10
8570,10
8572,10
8574,10
8576,10
8577,10
858,10
8581,10
8582,10
8583,10
8584,10
8585,10
8586,10
8587,10
8590,10
8591,10
8592,10
8593,10
8594,10
8595,10
8596,10
8597,10
8599,10
86,10
860,10
8600,10
8601,10
8602,10
8603,10
8604,10
8605,10
8606,10
8607,10
861,10
8610,10
8611,10
8612,10
8617,10
8618,10
8619,10
862,10
8622,10
8626,10
8627,10
8628,10
863,10
8630,10
8631,10
8633,10
8634,10
8636,10
8638,10
8639,10
864,10
8640,10
8641,10
8642,10
8643,10
8645,10
8646,10
8647,10
8648,10
8649,10
8650,10
8651,10
8652,10
8653,10
8654,10
8655,10
8656,10
8657,10
8661,10
8663,10
8664,10
8665,10
8669,10
867,10
8670,10
8672,10
8673,10
8674,10
8679,10
8680,10
8682,10
8684,10
8689,10
869,10
8690,10
8692,10
8693,10
8695,10
8696,10
8697,10
8698,10
8699,10
87,10
8700,10
8701,10
8703,10
8704,10
8705,10
8707,10
8708,10
8709,10
871,10
8712,10
8714,10
8715,10
8716,10
8718,10
8719,10
8720,10
8721,10
8723,10
8724,10
8727,10
8730,10
8731,10
8732,10
8734,10
8735,10
8740,10
8741,10
8742,10
8748,10
875,10
8750,10
8751,10
8752,10
8753,10
8754,10
8755,10
8757,10
8758,10
876,10
8762,10
8763,10
8764,10
8765,10
8766,10
8767,10
8769,10
877,10
8770,10
8771,10
8772,10
8775,10
8776,10
878,10
8780,10
8782,10
8783,10
8784,10
8785,10
8786,10
8788,10
8789,10
879,10
8790,10
8791,10
8792,10
8793,10
8797,10
8799,10
880,10
8800,10
8801,10
8802,10
8803,10
8804,10
8805,10
8806,10
8809,10
8810,10
8811,10
8812,10
8815,10
8817,10
8818,10
882,10
8821,10
8822,10
8824,10
8826,10
8827,10
8830,10
8831,10
8832,10
8834,10
8835,10
8837,10
8839,10
8841,10
8843,10
8844,10
8846,10
8848,10
8849,10
885,10
8850,10
8853,10
8855,10
8857,10
886,10
8860,10
8862,10
8863,10
8864,10
8865,10
8866,10
8868,10
8869,10
887,10
8870,10
8871,10
8872,10
8874,10
8875,10
8876,10
8877,10
8878,10
8879,10
888,10
8880,10
8881,10
8882,10
8884,10
8885,10
8886,10
8889,10
8890,10
8892,10
8893,10
8894,10
8898,10
8899,10
89,10
8901,10
8902,10
8903,10
8904,10
8906,10
891,10
8910,10
8912,10
8913,10
8918,10
8921,10
8922,10
8926,10
8927,10
8928,10
8931,10
8932,10
8933,10
8937,10
8938,10
894,10
8940,10
8941,10
8944,10
8945,10
8946,10
8948,10
8951,10
8952,10
8956,10
8957,10
8959,10
8961,10
8963,10
8964,10
8965,10
8966,10
8967,10
8968,10
8971,10
8972,10
8975,10
898,10
8981,10
8988,10
899,10
8990,10
8991,10
8993,10
8994,10
8997,10
8998,10
9,10
900,10
9000,10
9002,10
9003,10
9004,10
9005,10
9006,10
9007,10
9008,10
9009,10
901,10
9011,10
9012,10
9013,10
9015,10
9017,10
902,10
9021,10
9022,10
9023,10
9024,10
9027,10
9029,10
903,10
9030,10
9034,10
9035,10
9036,10
9037,10
9038,10
904,10
9041,10
9042,10
9043,10
9045,10
9046,10
9048,10
9049,10
905,10
9057,10
9058,10
9059,10
9061,10
9062,10
9063,10
9064,10
9065,10
9068,10
9069,10
9071,10
9072,10
9073,10
9075,10
9076,10
9078,10
908,10
9080,10
9083,10
9084,10
9087,10
9089,10
9090,10
9092,10
9094,10
91,10
910,10
9100,10
9101,10
9102,10
9103,10
9105,10
9106,10
9109,10
911,10
9110,10
9111,10
9112,10
9113,10
9114,10
9117,10
9118,10
9119,10
912,10
9120,10
9121,10
9123,10
9126,10
9127,10
9128,10
9129,10
913,10
9130,10
9131,10
9134,10
9135,10
9136,10
9139,10
9140,10
9141,10
9142,10
9145,10
9148,10
9149,10
9150,10
9151,10
9155,10
9156,10
9157,10
9159,10
916,10
9161,10
9162,10
9164,10
9166,10
9167,10
9168,10
917,10
9170,10
9171,10
9172,10
9173,10
9177,10
9181,10
9182,10
9184,10
9186,10
9188,10
9189,10
919,10
9191,10
9194,10
9196,10
9197,10
9198,10
9200,10
9202,10
9206,10
9207,10
9209,10
921,10
9212,10
9214,10
9216,10
9218,10
9219,10
922,10
9221,10
9222,10
9223,10
9224,10
9225,10
9227,10
9228,10
9229,10
923,10
9231,10
9232,10
9233,10
9234,10
9235,10
9236,10
9238,10
924,10
9240,10
9241,10
9242,10
9243,10
9244,10
9246,10
9247,10
9249,10
925,10
9250,10
9254,10
9255,10
9257,10
9258,10
9260,10
9262,10
9265,10
9267,10
9269,10
9272,10
9273,10
9276,10
9277,10
9278,10
9279,10
9280,10
9281,10
9283,10
9284,10
9285,10
9286,10
9287,10
9288,10
9289,10
929,10
9290,10
9292,10
9294,10
9295,10
9298,10
9299,10
93,10
9300,10
9301,10
9303,10
9306,10
9307,10
9308,10
9309,10
9312,10
9316,10
9317,10
9318,10
9319,10
9320,10
9321,10
9325,10
9326,10
9327,10
9328,10
9329,10
933,10
9332,10
9333,10
9334,10
9335,10
9336,10
9338,10
9339,10
934,10
9340,10
9341,10
9345,10
9347,10
9348,10
9349,10
9350,10
9352,10
9357,10
9358,10
9359,10
9361,10
9362,10
9363,10
9364,10
9365,10
9369,10
937,10
9370,10
9371,10
9372,10
9373,10
9374,10
9375,10
9379,10
938,10
9381,10
9382,10
9383,10
9385,10
9386,10
9387,10
9388,10
939,10
9390,10
9391,10
9392,10
9394,10
9395,10
9396,10
9398,10
9399,10
94,10
9401,10
9402,10
9403,10
9406,10
9411,10
9414,10
9415,10
9417,10
9419,10
942,10
9420,10
9424,10
9425,10
9428,10
9429,10
943,10
9431,10
9432,10
9434,10
9435,10
9437,10
9438,10
9439,10
944,10
9440,10
9441,10
9442,10
9445,10
9446,10
9447,10
9448,10
9449,10
945,10
9453,10
9454,10
9456,10
9458,10
9459,10
946,10
9460,10
9461,10
9462,10
9463,10
9464,10
9465,10
9467,10
9472,10
9473,10
9474,10
9477,10
9478,10
9480,10
9482,10
9486,10
9491,10
9493,10
9496,10
9497,10
9498,10
9499,10
950,10
9500,10
9502,10
9503,10
9506,10
9507,10
9509,10
951,10
9510,10
9512,10
9514,10
9517,10
9518,10
9519,10
952,10
9523,10
9524,10
9525,10
9526,10
9528,10
953,10
9530,10
9533,10
9536,10
9537,10
9538,10
9539,10
9541,10
9542,10
9543,10
9544,10
9545,10
9546,10
9551,10
9552,10
9553,10
9556,10
9557,10
9558,10
9559,10
956,10
9560,10
9563,10
9564,10
9565,10
9567,10
9571,10
9572,10
9574,10
9576,10
9578,10
958,10
9580,10
9582,10
9584,10
9585,10
9586,10
9587,10
959,10
9591,10
9594,10
9595,10
9597,10
9598,10
9599,10
96,10
960,10
9600,10
9601,10
9603,10
9604,10
9605,10
9607,10
9608,10
9609,10
961,10
9613,10
9614,10
9615,10
9618,10
962,10
9621,10
9623,10
9624,10
9625,10
9626,10
9627,10
9628,10
9629,10
9630,10
9631,10
9633,10
9634,10
9637,10
9638,10
9639,10
964,10
9642,10
9644,10
9648,10
9649,10
9650,10
9651,10
9654,10
9655,10
9657,10
9660,10
9661,10
9663,10
9664,10
9665,10
9666,10
9667,10
9669,10
9670,10
9673,10
9674,10
9675,10
9676,10
9678,10
9679,10
968,10
9684,10
9685,10
9686,10
9687,10
9688,10
969,10
9692,10
9695,10
9696,10
9697,10
9698,10
9699,10
97,10
9701,10
9703,10
9706,10
9707,10
9708,10
9709,10
9710,10
9712,10
9716,10
9717,10
9718,10
9721,10
9722,10
9725,10
9726,10
973,10
9730,10
9731,10
9732,10
9733,10
9734,10
9737,10
9738,10
9739,10
974,10
9740,10
9741,10
9744,10
9749,10
9750,10
9754,10
9755,10
9757,10
9758,10
9760,10
9766,10
9767,10
9768,10
977,10
9774,10
9777,10
978,10
9781,10
9782,10
9785,10
9786,10
979,10
9790,10
9791,10
9794,10
9795,10
98,10
980,10
9800,10
9803,10
9804,10
9805,10
9807,10
9810,10
9811,10
9812,10
9814,10
9815,10
9816,10
9817,10
9818,10
982,10
9822,10
9823,10
9824,10
9825,10
9828,10
9829,10
983,10
9832,10
9833,10
9834,10
9835,10
9836,10
9838,10
9839,10
984,10
9840,10
9841,10
9842,10
9846,10
9847,10
9848,10
9849,10
985,10
9851,10
9852,10
9853,10
9855,10
9857,10
9860,10
9866,10
9867,10
9868,10
9869,10
9871,10
9872,10
9874,10
9875,10
9876,10
9877,10
988,10
9880,10
9883,10
9887,10
9888,10
989,10
9890,10
9891,10
9892,10
9895,10
9896,10
9897,10
9899,10
9900,10
9902,10
9903,10
9904,10
9905,10
9906,10
9907,10
9908,10
9910,10
9913,10
9914,10
9915,10
9917,10
9918,10
9919,10
9920,10
9922,10
9924,10
9925,10
9926,10
9929,10
9931,10
9934,10
9936,10
9937,10
9938,10
9939,10
9941,10
9942,10
9943,10
9946,10
9947,10
9948,10
9949,10
9950,10
9951,10
9952,10
9956,10
9957,10
9959,10
996,10
9963,10
9964,10
9965,10
9966,10
9967,10
9968,10
9969,10
997,10
9972,10
9978,10
9980,10
9984,10
9985,10
9986,10
9989,10
9990,10
9991,10
9994,10
9996,10
